,DataSetID,SS,min_exposure,median_exposure,mean_exposure,max_exposure
0,1,,0.231441048035,0.231441048035,0.231441048035,0.231441048035
1,2,,0.231441048035,0.231441048035,0.231441048035,0.231441048035
2,3,all-E,0.0912863070539,0.0912863070539,0.0912863070539,0.0912863070539
3,4,all-E,0.0746887966805,0.0746887966805,0.0746887966805,0.0746887966805
4,5,all-E,0.0746887966805,0.0746887966805,0.0746887966805,0.0746887966805
5,6,all-E,0.0746887966805,0.0829875518672,0.0829875518672,0.0912863070539
6,262,,0.0637254901961,0.0637254901961,0.0637254901961,0.0637254901961
7,263,,0.0637254901961,0.0637254901961,0.0637254901961,0.0637254901961
8,264,,0.0637254901961,0.0637254901961,0.0637254901961,0.0637254901961
9,265,,0.0637254901961,0.0637254901961,0.0637254901961,0.0637254901961
10,266,,0.0637254901961,0.0637254901961,0.0637254901961,0.0637254901961
11,308,all-E,0.00684931506849,0.00684931506849,0.00684931506849,0.00684931506849
12,309,all-E,0.00684931506849,0.00684931506849,0.00684931506849,0.00684931506849
13,310,all-B,0.0218579234973,0.0218579234973,0.0218579234973,0.0218579234973
14,311,all-B,0.0218579234973,0.0218579234973,0.0218579234973,0.0218579234973
15,312,all-B,0.0218579234973,0.0427917068467,0.0427917068467,0.0637254901961
16,313,,0.315352697095,0.315352697095,0.315352697095,0.315352697095
17,898,all-E,0.00684931506849,0.00684931506849,0.00684931506849,0.00684931506849
18,899,,0.00684931506849,0.0143536192829,0.0143536192829,0.0218579234973
19,900,,0.00684931506849,0.0143536192829,0.0143536192829,0.0218579234973
20,901,all-E,0.05625,0.05625,0.05625,0.05625
21,7,,0.0142180094787,0.0142180094787,0.0142180094787,0.0142180094787
22,965,,0.205479452055,0.205479452055,0.205479452055,0.205479452055
23,966,,0.0235294117647,0.0235294117647,0.0235294117647,0.0235294117647
24,967,all-S,0.118881118881,0.118881118881,0.118881118881,0.118881118881
25,968,,0.0290456431535,0.0290456431535,0.0290456431535,0.0290456431535
26,969,all-E,0.17032967033,0.17032967033,0.17032967033,0.17032967033
27,970,all-E,0.252747252747,0.252747252747,0.252747252747,0.252747252747
28,971,all-E,0.170124481328,0.170124481328,0.170124481328,0.170124481328
29,972,all-E,0.0871559633028,0.0871559633028,0.0871559633028,0.0871559633028
30,973,all-E,0.21875,0.21875,0.21875,0.21875
31,974,all-E,0.056768558952,0.056768558952,0.056768558952,0.056768558952
32,975,,0.0,0.0,0.0,0.0
33,976,all-S,0.141176470588,0.141176470588,0.141176470588,0.141176470588
34,977,all-S,0.435684647303,0.435684647303,0.435684647303,0.435684647303
35,978,all-S,0.78672985782,0.78672985782,0.78672985782,0.78672985782
36,8,all-T,0.0436681222707,0.0436681222707,0.0436681222707,0.0436681222707
37,9,,0.170305676856,0.170305676856,0.170305676856,0.170305676856
38,10,all-T,0.0436681222707,0.0880592266983,0.0880592266983,0.132450331126
39,11,all-T,0.0436681222707,0.106986899563,0.106986899563,0.170305676856
40,12,,0.0436681222707,0.104821613003,0.104821613003,0.165975103734
41,13,,0.132450331126,0.14921271743,0.14921271743,0.165975103734
42,14,,0.0436681222707,0.132450331126,0.11403118571,0.165975103734
43,15,,0.0436681222707,0.165975103734,0.126649634287,0.170305676856
44,16,,0.00473933649289,0.00473933649289,0.00473933649289,0.00473933649289
45,17,all-T,0.00473933649289,0.0242037293818,0.0242037293818,0.0436681222707
46,18,all-T,0.00473933649289,0.0685948338094,0.0685948338094,0.132450331126
47,19,,0.00473933649289,0.0875225066744,0.0875225066744,0.170305676856
48,20,all-T,0.00473933649289,0.0436681222707,0.0602859299632,0.132450331126
49,21,all-T,0.00473933649289,0.0436681222707,0.0729043785398,0.170305676856
50,115,all-E,0.00625,0.0322255291005,0.0322255291005,0.0582010582011
51,116,all-H,0.023166023166,0.172131147541,0.208997053259,0.431693989071
52,117,all-E,0.564315352697,0.564315352697,0.564315352697,0.564315352697
53,118,all-E,0.137362637363,0.137362637363,0.137362637363,0.137362637363
54,128,,0.149484536082,0.149484536082,0.149484536082,0.149484536082
55,129,all-S,0.328185328185,0.328185328185,0.328185328185,0.328185328185
56,130,all-E,0.177606177606,0.177606177606,0.177606177606,0.177606177606
57,131,all-T,0.003861003861,0.003861003861,0.003861003861,0.003861003861
58,132,all-E,0.234972677596,0.234972677596,0.234972677596,0.234972677596
59,133,all-E,0.0,0.0,0.0,0.0
60,134,all-E,0.011583011583,0.011583011583,0.011583011583,0.011583011583
61,135,all-T,0.127962085308,0.127962085308,0.127962085308,0.127962085308
62,136,all-E,0.142076502732,0.142076502732,0.142076502732,0.142076502732
63,137,all-E,0.011583011583,0.011583011583,0.011583011583,0.011583011583
64,138,all-E,0.0874316939891,0.0874316939891,0.0874316939891,0.0874316939891
65,226,all-H,0.165975103734,0.165975103734,0.165975103734,0.165975103734
66,227,all-H,0.485477178423,0.485477178423,0.485477178423,0.485477178423
67,228,all-S,0.647302904564,0.647302904564,0.647302904564,0.647302904564
68,229,all-E,0.186721991701,0.186721991701,0.186721991701,0.186721991701
69,230,all-H,0.141078838174,0.141078838174,0.141078838174,0.141078838174
70,231,all-H,0.269709543568,0.269709543568,0.269709543568,0.269709543568
71,756,all-H,0.0309278350515,0.0309278350515,0.0309278350515,0.0309278350515
72,757,all-E,0.118556701031,0.118556701031,0.118556701031,0.118556701031
73,758,,0.00473933649289,0.00473933649289,0.00473933649289,0.00473933649289
74,1054,all-H,0.432989690722,0.432989690722,0.432989690722,0.432989690722
75,1055,all-H,0.0846560846561,0.0846560846561,0.0846560846561,0.0846560846561
76,1056,all-S,0.588607594937,0.588607594937,0.588607594937,0.588607594937
77,1057,all-S,0.174863387978,0.174863387978,0.174863387978,0.174863387978
78,1058,all-T,0.0436681222707,0.0436681222707,0.0436681222707,0.0436681222707
79,1059,all-T,0.132450331126,0.132450331126,0.132450331126,0.132450331126
80,1060,,0.170305676856,0.170305676856,0.170305676856,0.170305676856
81,22,all-T,0.0174672489083,0.0174672489083,0.0174672489083,0.0174672489083
82,23,,0.0305676855895,0.0305676855895,0.0305676855895,0.0305676855895
83,24,all-T,0.0174672489083,0.114693889355,0.114693889355,0.211920529801
84,25,all-T,0.0174672489083,0.0240174672489,0.0240174672489,0.0305676855895
85,111,all-E,0.0,0.126984126984,0.126984126984,0.253968253968
86,112,all-H,0.0965250965251,0.123287671233,0.220811906193,0.44262295082
87,113,all-E,0.547717842324,0.547717842324,0.547717842324,0.547717842324
88,114,all-E,0.0494505494505,0.0494505494505,0.0494505494505,0.0494505494505
89,119,all-T,0.114754098361,0.114754098361,0.114754098361,0.114754098361
90,120,all-E,0.023166023166,0.023166023166,0.023166023166,0.023166023166
91,121,all-T,0.023166023166,0.023166023166,0.023166023166,0.023166023166
92,122,all-E,0.153005464481,0.153005464481,0.153005464481,0.153005464481
93,123,all-E,0.0,0.0,0.0,0.0
94,124,all-E,0.0656370656371,0.0656370656371,0.0656370656371,0.0656370656371
95,125,all-T,0.208530805687,0.208530805687,0.208530805687,0.208530805687
96,126,all-E,0.234972677596,0.234972677596,0.234972677596,0.234972677596
97,127,all-E,0.120218579235,0.120218579235,0.120218579235,0.120218579235
98,1061,all-T,0.0174672489083,0.0174672489083,0.0174672489083,0.0174672489083
99,1062,all-T,0.211920529801,0.211920529801,0.211920529801,0.211920529801
100,1063,,0.0305676855895,0.0305676855895,0.0305676855895,0.0305676855895
101,26,all-H,0.171232876712,0.171232876712,0.171232876712,0.171232876712
102,27,all-H,0.0284360189573,0.0284360189573,0.0284360189573,0.0284360189573
103,28,all-H,0.0142180094787,0.0142180094787,0.0142180094787,0.0142180094787
104,29,all-H,0.189873417722,0.189873417722,0.189873417722,0.189873417722
105,30,,0.543046357616,0.543046357616,0.543046357616,0.543046357616
106,31,all-E,0.579234972678,0.579234972678,0.579234972678,0.579234972678
107,32,all-E,0.030888030888,0.030888030888,0.030888030888,0.030888030888
108,33,all-E,0.17903930131,0.291574445176,0.291574445176,0.404109589041
109,34,all-E,0.293838862559,0.293838862559,0.293838862559,0.293838862559
110,35,all-H,0.0473933649289,0.0473933649289,0.0473933649289,0.0473933649289
111,36,all-E,0.120331950207,0.120331950207,0.120331950207,0.120331950207
112,37,all-S,0.199170124481,0.199170124481,0.199170124481,0.199170124481
113,38,all-E,0.144329896907,0.144329896907,0.144329896907,0.144329896907
114,39,,0.00829875518672,0.00829875518672,0.00829875518672,0.00829875518672
115,40,all-B,0.0995850622407,0.0995850622407,0.0995850622407,0.0995850622407
116,41,all-H,0.666666666667,0.666666666667,0.666666666667,0.666666666667
117,42,all-G,0.682119205298,0.682119205298,0.682119205298,0.682119205298
118,43,,0.524590163934,0.524590163934,0.524590163934,0.524590163934
119,44,all-T,0.470198675497,0.470198675497,0.470198675497,0.470198675497
120,45,all-T,0.490066225166,0.490066225166,0.490066225166,0.490066225166
121,46,all-E,0.293838862559,0.293838862559,0.293838862559,0.293838862559
122,47,all-T,0.0722222222222,0.0722222222222,0.0722222222222,0.0722222222222
123,48,,0.421800947867,0.421800947867,0.421800947867,0.421800947867
124,49,all-H,0.0473933649289,0.0473933649289,0.0473933649289,0.0473933649289
125,50,all-H,0.549763033175,0.549763033175,0.549763033175,0.549763033175
126,51,all-E,0.0,0.0,0.0,0.0
127,52,all-E,0.00819672131148,0.00819672131148,0.00819672131148,0.00819672131148
128,53,,0.0409836065574,0.0409836065574,0.0409836065574,0.0409836065574
129,54,all-E,0.0290456431535,0.0290456431535,0.0290456431535,0.0290456431535
130,55,all-E,0.0142180094787,0.0142180094787,0.0142180094787,0.0142180094787
131,56,all-E,0.0290456431535,0.0350146248555,0.0350146248555,0.0409836065574
132,57,all-E,0.0142180094787,0.027600808018,0.027600808018,0.0409836065574
133,58,all-E,0.00819672131148,0.0290456431535,0.0260753236741,0.0409836065574
134,59,all-E,0.00819672131148,0.0142180094787,0.0211327791158,0.0409836065574
135,60,all-E,0.0142180094787,0.0216318263161,0.0216318263161,0.0290456431535
136,61,all-E,0.00819672131148,0.0142180094787,0.0171534579812,0.0290456431535
137,62,all-E,0.0142180094787,0.0290456431535,0.0280824197299,0.0409836065574
138,63,all-E,0.00819672131148,0.0216318263161,0.0231109951253,0.0409836065574
139,74,,0.541095890411,0.541095890411,0.541095890411,0.541095890411
140,75,all-T,0.58125,0.58125,0.58125,0.58125
141,76,all-S,0.445205479452,0.445205479452,0.445205479452,0.445205479452
142,77,all-H,0.613924050633,0.613924050633,0.613924050633,0.613924050633
143,78,all-S,0.529801324503,0.529801324503,0.529801324503,0.529801324503
144,79,all-S,0.529801324503,0.529801324503,0.529801324503,0.529801324503
145,80,,0.445205479452,0.468634485758,0.468634485758,0.492063492063
146,81,,0.529801324503,0.613924050633,0.697908458379,0.95
147,82,,0.529801324503,0.695364238411,0.656305187638,0.74375
148,83,,0.529801324503,0.654644144522,0.697272403387,0.95
149,267,all-S,0.00947867298578,0.00947867298578,0.00947867298578,0.00947867298578
150,268,,0.0688073394495,0.0688073394495,0.0688073394495,0.0688073394495
151,269,,0.0960698689956,0.0960698689956,0.0960698689956,0.0960698689956
152,270,all-S,0.00947867298578,0.0391430062177,0.0391430062177,0.0688073394495
153,271,all-S,0.00947867298578,0.0527742709907,0.0527742709907,0.0960698689956
154,272,,0.0688073394495,0.0824386042226,0.0824386042226,0.0960698689956
155,273,all-S,0.00947867298578,0.0688073394495,0.0581186271437,0.0960698689956
156,274,all-S,0.0601092896175,0.0601092896175,0.0601092896175,0.0601092896175
157,275,all-S,0.00947867298578,0.0347939813016,0.0347939813016,0.0601092896175
158,276,all-S,0.0601092896175,0.0644583145335,0.0644583145335,0.0688073394495
159,277,all-S,0.0601092896175,0.0780895793066,0.0780895793066,0.0960698689956
160,278,all-S,0.00947867298578,0.0601092896175,0.0461317673509,0.0688073394495
161,279,all-S,0.00947867298578,0.0601092896175,0.0552192771996,0.0960698689956
162,280,all-S,0.0601092896175,0.0688073394495,0.0749954993542,0.0960698689956
163,281,all-S,0.00947867298578,0.0644583145335,0.0586162927621,0.0960698689956
164,282,all-S,0.0305676855895,0.0305676855895,0.0305676855895,0.0305676855895
165,283,all-S,0.00947867298578,0.0200231792877,0.0200231792877,0.0305676855895
166,284,all-S,0.0305676855895,0.0496875125195,0.0496875125195,0.0688073394495
167,285,all-S,0.0305676855895,0.0633187772926,0.0633187772926,0.0960698689956
168,286,all-S,0.00947867298578,0.0305676855895,0.0362845660083,0.0688073394495
169,287,all-S,0.00947867298578,0.0305676855895,0.045372075857,0.0960698689956
170,288,all-S,0.0305676855895,0.0688073394495,0.0651482980116,0.0960698689956
171,289,all-S,0.00947867298578,0.0496875125195,0.0512308917551,0.0960698689956
172,290,all-S,0.0305676855895,0.0453384876035,0.0453384876035,0.0601092896175
173,291,all-S,0.00947867298578,0.0305676855895,0.0333852160643,0.0601092896175
174,292,all-S,0.0305676855895,0.0601092896175,0.0531614382188,0.0688073394495
175,293,all-S,0.0305676855895,0.0601092896175,0.0622489480675,0.0960698689956
176,294,all-S,0.00947867298578,0.0453384876035,0.0422407469106,0.0688073394495
177,295,all-S,0.00947867298578,0.0453384876035,0.0490563792971,0.0960698689956
178,296,all-S,0.0305676855895,0.0644583145335,0.063888545913,0.0960698689956
179,297,all-S,0.00947867298578,0.0601092896175,0.0530065713276,0.0960698689956
180,298,,0.00947867298578,0.0192621580697,0.0192621580697,0.0290456431535
181,299,all-E,0.0290456431535,0.0489264913015,0.0489264913015,0.0688073394495
182,300,all-E,0.0290456431535,0.0625577560746,0.0625577560746,0.0960698689956
183,301,,0.00947867298578,0.0290456431535,0.0357772185296,0.0688073394495
184,302,,0.00947867298578,0.0290456431535,0.0448647283783,0.0960698689956
185,303,,0.00947867298578,0.0118483412322,0.0118483412322,0.0142180094787
186,304,,0.00947867298578,0.0142180094787,0.0308346739713,0.0688073394495
187,305,,0.00947867298578,0.0142180094787,0.03992218382,0.0960698689956
188,306,,0.00947867298578,0.0415126744641,0.0471434727274,0.0960698689956
189,307,all-S,0.00947867298578,0.0548954730035,0.0538348719971,0.0960698689956
190,346,all-G,0.216931216931,0.216931216931,0.216931216931,0.216931216931
191,347,all-G,0.493670886076,0.493670886076,0.493670886076,0.493670886076
192,348,,0.0,0.0,0.0,0.0
193,349,all-H,0.00699300699301,0.00699300699301,0.00699300699301,0.00699300699301
194,350,all-H,0.0765027322404,0.0765027322404,0.0765027322404,0.0765027322404
195,351,all-H,0.00490196078431,0.00490196078431,0.00490196078431,0.00490196078431
196,352,all-G,0.300546448087,0.300546448087,0.300546448087,0.300546448087
197,353,,0.06875,0.06875,0.06875,0.06875
198,354,all-G,0.0,0.0,0.0,0.0
199,355,all-E,0.0,0.0,0.0,0.0
200,356,all-E,0.0,0.0,0.0,0.0
201,357,all-E,0.016393442623,0.016393442623,0.016393442623,0.016393442623
202,358,all-E,0.0501930501931,0.0501930501931,0.0501930501931,0.0501930501931
203,359,all-E,0.114754098361,0.114754098361,0.114754098361,0.114754098361
204,360,all-E,0.0,0.0,0.0,0.0
205,361,all-E,0.100386100386,0.100386100386,0.100386100386,0.100386100386
206,362,all-E,0.278008298755,0.278008298755,0.278008298755,0.278008298755
207,363,all-E,0.0501930501931,0.0501930501931,0.0501930501931,0.0501930501931
208,364,,0.0,0.108465608466,0.108465608466,0.216931216931
209,365,,0.100386100386,0.158658658659,0.158658658659,0.216931216931
210,366,,0.216931216931,0.247469757843,0.247469757843,0.278008298755
211,367,,0.0,0.246835443038,0.246835443038,0.493670886076
212,368,,0.100386100386,0.297028493231,0.297028493231,0.493670886076
213,369,,0.278008298755,0.385839592416,0.385839592416,0.493670886076
214,370,,0.0501930501931,0.17536974914,0.17536974914,0.300546448087
215,371,all-E,0.0,0.0250965250965,0.0250965250965,0.0501930501931
216,372,,0.0,0.00245098039216,0.00245098039216,0.00490196078431
217,373,,0.0,0.00245098039216,0.00245098039216,0.00490196078431
218,374,,0.0,0.0034965034965,0.0034965034965,0.00699300699301
219,375,,0.0,0.0034965034965,0.0034965034965,0.00699300699301
220,376,,0.016393442623,0.0765027322404,0.0692167577413,0.114754098361
221,377,,0.0765027322404,0.0956284153005,0.0956284153005,0.114754098361
222,378,,0.016393442623,0.0464480874317,0.0464480874317,0.0765027322404
223,379,,0.0601092896175,0.0874316939891,0.0874316939891,0.114754098361
224,380,,0.0501930501931,0.133562133562,0.133562133562,0.216931216931
225,381,,0.0501930501931,0.133562133562,0.133562133562,0.216931216931
226,382,,0.00947867298578,0.113204944958,0.113204944958,0.216931216931
227,383,all-G,0.0688073394495,0.14286927819,0.14286927819,0.216931216931
228,384,,0.0501930501931,0.271931968134,0.271931968134,0.493670886076
229,385,,0.0501930501931,0.271931968134,0.271931968134,0.493670886076
230,386,,0.00947867298578,0.251574779531,0.251574779531,0.493670886076
231,387,all-G,0.0688073394495,0.281239112763,0.281239112763,0.493670886076
232,388,all-E,0.0,0.139004149378,0.139004149378,0.278008298755
233,389,,0.0,0.0344036697248,0.0344036697248,0.0688073394495
234,390,,0.0501930501931,0.17536974914,0.17536974914,0.300546448087
235,391,,0.100386100386,0.200466274237,0.200466274237,0.300546448087
236,392,,0.278008298755,0.289277373421,0.289277373421,0.300546448087
237,393,,0.00947867298578,0.155012560537,0.155012560537,0.300546448087
238,394,all-G,0.0688073394495,0.184676893768,0.184676893768,0.300546448087
239,395,,0.0480349344978,0.0622688333691,0.0622688333691,0.0765027322404
240,396,,0.00490196078431,0.016393442623,0.0453498339226,0.114754098361
241,1229,,0.0823529411765,0.0823529411765,0.0823529411765,0.0823529411765
242,1230,all-S,0.0601092896175,0.0601092896175,0.0601092896175,0.0601092896175
243,1231,,0.0688073394495,0.075580140313,0.075580140313,0.0823529411765
244,1232,all-S,0.0601092896175,0.0644583145335,0.0644583145335,0.0688073394495
245,64,all-B,0.0,0.0,0.0,0.0
246,65,all-T,0.157676348548,0.157676348548,0.157676348548,0.157676348548
247,66,all-T,0.0888030888031,0.0888030888031,0.0888030888031,0.0888030888031
248,67,all-H,0.0568720379147,0.0568720379147,0.0568720379147,0.0568720379147
249,68,all-S,0.0,0.0,0.0,0.0
250,193,all-T,0.339768339768,0.339768339768,0.339768339768,0.339768339768
251,194,all-T,0.0,0.0,0.0,0.0
252,195,all-H,0.219178082192,0.219178082192,0.219178082192,0.219178082192
253,196,all-H,0.151898734177,0.151898734177,0.151898734177,0.151898734177
254,197,all-H,0.0,0.0,0.0,0.0
255,198,all-T,0.0,0.0,0.0,0.0
256,199,all-T,0.0822784810127,0.0822784810127,0.0822784810127,0.0822784810127
257,200,,0.0,0.0,0.0,0.0
258,201,all-T,0.0393013100437,0.0393013100437,0.0393013100437,0.0393013100437
259,202,,0.0327868852459,0.0327868852459,0.0327868852459,0.0327868852459
260,203,,0.0131004366812,0.0131004366812,0.0131004366812,0.0131004366812
261,204,all-S,0.0662251655629,0.0662251655629,0.0662251655629,0.0662251655629
262,205,,0.0,0.0,0.0,0.0
263,206,all-E,0.0,0.0,0.0,0.0
264,207,all-T,0.183406113537,0.183406113537,0.183406113537,0.183406113537
265,208,all-T,0.11583011583,0.11583011583,0.11583011583,0.11583011583
266,209,all-H,0.0,0.0,0.0,0.0
267,210,all-T,0.0327868852459,0.0952316168968,0.0952316168968,0.157676348548
268,211,all-B,0.0,0.016393442623,0.016393442623,0.0327868852459
269,212,all-T,0.0131004366812,0.0853883926145,0.0853883926145,0.157676348548
270,213,all-T,0.0,0.00655021834061,0.00655021834061,0.0131004366812
271,214,,0.0568720379147,0.0615486017388,0.0615486017388,0.0662251655629
272,215,all-T,0.183406113537,0.261587226653,0.261587226653,0.339768339768
273,216,all-T,0.0888030888031,0.13610460117,0.13610460117,0.183406113537
274,217,all-T,0.0,0.0917030567686,0.0917030567686,0.183406113537
275,218,,0.0,0.0917030567686,0.0917030567686,0.183406113537
276,219,all-T,0.0,0.0579150579151,0.0579150579151,0.11583011583
277,220,,0.0568720379147,0.0863510768724,0.0863510768724,0.11583011583
278,221,,0.0,0.0579150579151,0.0579150579151,0.11583011583
279,69,,1.17427385892,1.17427385892,1.17427385892,1.17427385892
280,70,all-B,0.559241706161,0.559241706161,0.559241706161,0.559241706161
281,71,all-S,0.423236514523,0.423236514523,0.423236514523,0.423236514523
282,72,all-E,0.0515463917526,0.0515463917526,0.0515463917526,0.0515463917526
283,73,all-E,0.0248962655602,0.0248962655602,0.0248962655602,0.0248962655602
284,84,,0.708609271523,0.708609271523,0.708609271523,0.708609271523
285,85,all-B,0.310043668122,0.310043668122,0.310043668122,0.310043668122
286,86,,0.15,0.15,0.15,0.15
287,87,,0.377483443709,0.377483443709,0.377483443709,0.377483443709
288,88,all-H,0.0494505494505,0.0494505494505,0.0494505494505,0.0494505494505
289,89,all-H,0.482517482517,0.482517482517,0.482517482517,0.482517482517
290,90,all-H,0.0779816513761,0.0779816513761,0.0779816513761,0.0779816513761
291,91,all-H,0.0944444444444,0.0944444444444,0.0944444444444,0.0944444444444
292,92,all-H,0.696682464455,0.696682464455,0.696682464455,0.696682464455
293,93,all-H,0.386243386243,0.386243386243,0.386243386243,0.386243386243
294,185,,0.377483443709,0.377483443709,0.377483443709,0.377483443709
295,186,,0.377483443709,0.377483443709,0.377483443709,0.377483443709
296,94,all-T,0.64238410596,0.701986754967,0.701986754967,0.761589403974
297,95,all-T,0.030888030888,0.0617760617761,0.0617760617761,0.0926640926641
298,96,all-T,0.030888030888,0.367524099312,0.381881408371,0.761589403974
299,97,all-S,0.0688073394495,0.0688073394495,0.0688073394495,0.0688073394495
300,98,all-S,0.0,0.0,0.0,0.0
301,99,all-S,0.0,0.0344036697248,0.0344036697248,0.0688073394495
302,100,all-E,0.556701030928,0.559278350515,0.559278350515,0.561855670103
303,101,all-E,0.55737704918,0.569672131148,0.569672131148,0.581967213115
304,102,all-E,0.661111111111,0.680555555556,0.680555555556,0.7
305,103,all-E,0.556701030928,0.559616359642,0.564475240832,0.581967213115
306,104,all-E,0.556701030928,0.611483390607,0.619916953036,0.7
307,105,all-E,0.327433628319,0.327433628319,0.327433628319,0.327433628319
308,106,all-G,0.23178807947,0.245033112583,0.245033112583,0.258278145695
309,107,all-E,0.486338797814,0.489071038251,0.489071038251,0.491803278689
310,108,,0.327433628319,0.484908867139,0.514710191643,0.761589403974
311,109,,0.23178807947,0.292855887007,0.286233370451,0.327433628319
312,110,,0.23178807947,0.372308471755,0.367052075417,0.491803278689
313,232,,0.015444015444,0.0173745173745,0.0173745173745,0.019305019305
314,233,all-G,0.23178807947,0.245033112583,0.245033112583,0.258278145695
315,234,all-H,0.122950819672,0.131147540984,0.131147540984,0.139344262295
316,235,all-E,0.00436681222707,0.0109170305677,0.0109170305677,0.0174672489083
317,236,all-H,0.015873015873,0.015873015873,0.015873015873,0.015873015873
318,524,,0.0409836065574,0.383333333333,0.385053328846,0.846560846561
319,526,,0.0,0.205479452055,0.30638457393,0.846560846561
320,139,all-S,0.234972677596,0.234972677596,0.234972677596,0.234972677596
321,140,,0.218543046358,0.218543046358,0.218543046358,0.218543046358
322,141,all-T,0.222707423581,0.222707423581,0.222707423581,0.222707423581
323,142,,0.00873362445415,0.00873362445415,0.00873362445415,0.00873362445415
324,143,all-S,0.003861003861,0.003861003861,0.003861003861,0.003861003861
325,144,all-S,0.0901639344262,0.0901639344262,0.0901639344262,0.0901639344262
326,145,all-S,0.109589041096,0.109589041096,0.109589041096,0.109589041096
327,146,,0.027027027027,0.027027027027,0.027027027027,0.027027027027
328,147,all-T,0.53711790393,0.53711790393,0.53711790393,0.53711790393
329,148,all-E,0.0,0.0,0.0,0.0
330,149,all-T,0.142857142857,0.142857142857,0.142857142857,0.142857142857
331,150,all-T,0.509933774834,0.509933774834,0.509933774834,0.509933774834
332,151,all-S,0.430463576159,0.430463576159,0.430463576159,0.430463576159
333,152,,0.390728476821,0.390728476821,0.390728476821,0.390728476821
334,153,all-E,0.117903930131,0.117903930131,0.117903930131,0.117903930131
335,154,all-E,0.0248962655602,0.0248962655602,0.0248962655602,0.0248962655602
336,155,all-S,0.628440366972,0.628440366972,0.628440366972,0.628440366972
337,156,all-T,0.585152838428,0.585152838428,0.585152838428,0.585152838428
338,157,,0.0,0.0,0.0,0.0
339,158,all-E,0.516483516484,0.520536840209,0.520536840209,0.524590163934
340,159,all-E,0.188524590164,0.516483516484,0.409866090194,0.524590163934
341,160,all-E,0.516483516484,0.520536840209,0.520536840209,0.524590163934
342,161,all-E,0.188524590164,0.516483516484,0.409866090194,0.524590163934
343,162,,0.524590163934,0.524590163934,0.524590163934,0.524590163934
344,1091,,0.452054794521,0.452054794521,0.452054794521,0.452054794521
345,1092,all-E,0.390410958904,0.484822965791,0.484822965791,0.579234972678
346,1093,,0.153846153846,0.366138763198,0.366138763198,0.578431372549
347,1094,,0.2,0.741071428571,0.647808441558,0.909090909091
348,1095,all-E,0.0765027322404,0.0765027322404,0.0765027322404,0.0765027322404
349,1096,,0.230088495575,0.355670103093,0.363751034721,0.505494505495
350,1097,,0.0632911392405,0.35761589404,0.355343332456,0.854304635762
351,1098,all-E,0.01875,0.210619813278,0.210619813278,0.402489626556
352,1099,all-E,0.483412322275,0.566371681416,0.626795032196,0.830601092896
353,1100,,0.575221238938,0.696985619469,0.696985619469,0.81875
354,1210,all-E,0.00473933649289,0.00473933649289,0.00473933649289,0.00473933649289
355,1211,all-E,0.177215189873,0.177215189873,0.177215189873,0.177215189873
356,1212,all-E,0.177215189873,0.177215189873,0.177215189873,0.177215189873
357,1213,all-E,0.0262008733624,0.0262008733624,0.0262008733624,0.0262008733624
358,1214,all-E,0.0262008733624,0.0262008733624,0.0262008733624,0.0262008733624
359,1215,all-S,0.0,0.0,0.0,0.0
360,1216,all-S,0.0375,0.0375,0.0375,0.0375
361,1217,,0.123222748815,0.123222748815,0.123222748815,0.123222748815
362,1218,all-B,0.0,0.0,0.0,0.0
363,1219,,0.188524590164,0.188524590164,0.188524590164,0.188524590164
364,1220,,0.524590163934,0.524590163934,0.524590163934,0.524590163934
365,1221,,0.123552123552,0.123552123552,0.123552123552,0.123552123552
366,1222,,0.123552123552,0.123552123552,0.123552123552,0.123552123552
367,1223,all-S,0.0632911392405,0.0632911392405,0.0632911392405,0.0632911392405
368,1224,all-E,0.127413127413,0.127413127413,0.127413127413,0.127413127413
369,1225,all-E,0.127413127413,0.127413127413,0.127413127413,0.127413127413
370,1226,all-E,0.127413127413,0.127413127413,0.127413127413,0.127413127413
371,1227,all-E,0.0705394190871,0.0705394190871,0.0705394190871,0.0705394190871
372,1228,all-E,0.483412322275,0.483412322275,0.483412322275,0.483412322275
373,163,all-E,0.104265402844,0.104265402844,0.104265402844,0.104265402844
374,164,,0.104265402844,0.195286228393,0.195286228393,0.286307053942
375,165,all-E,0.104265402844,0.265402843602,0.265402843602,0.42654028436
376,166,,0.104265402844,0.333589655064,0.333589655064,0.562913907285
377,167,,0.104265402844,0.504739336493,0.504739336493,0.905213270142
378,168,,0.104265402844,0.151658767773,0.151658767773,0.199052132701
379,169,,0.104265402844,0.34021217162,0.34021217162,0.576158940397
380,170,,0.104265402844,0.24612177246,0.24612177246,0.387978142077
381,171,,0.104265402844,0.336285706886,0.336285706886,0.568306010929
382,172,,0.104265402844,0.336285706886,0.336285706886,0.568306010929
383,173,all-T,0.145695364238,0.145695364238,0.145695364238,0.145695364238
384,174,all-S,0.0125,0.0125,0.0125,0.0125
385,175,all-G,0.497267759563,0.497267759563,0.497267759563,0.497267759563
386,176,,0.312796208531,0.312796208531,0.312796208531,0.312796208531
387,177,all-T,0.145695364238,0.229245786385,0.229245786385,0.312796208531
388,178,all-S,0.0125,0.162648104265,0.162648104265,0.312796208531
389,179,all-H,0.369668246445,0.369668246445,0.369668246445,0.369668246445
390,180,,0.0125,0.191084123223,0.191084123223,0.369668246445
391,181,,0.369668246445,0.433468003004,0.433468003004,0.497267759563
392,182,,0.318584070796,0.318584070796,0.318584070796,0.318584070796
393,183,all-T,0.145695364238,0.232139717517,0.232139717517,0.318584070796
394,184,all-S,0.0125,0.165542035398,0.165542035398,0.318584070796
395,187,all-E,0.08125,0.08125,0.08125,0.08125
396,188,,0.252293577982,0.252293577982,0.252293577982,0.252293577982
397,189,all-T,0.424050632911,0.424050632911,0.424050632911,0.424050632911
398,190,all-T,0.549668874172,0.549668874172,0.549668874172,0.549668874172
399,191,all-E,0.0849420849421,0.0849420849421,0.0849420849421,0.0849420849421
400,192,all-E,0.0229357798165,0.0229357798165,0.0229357798165,0.0229357798165
401,222,,0.104895104895,0.104895104895,0.104895104895,0.104895104895
402,223,,0.27868852459,0.27868852459,0.27868852459,0.27868852459
403,237,all-E,0.402489626556,0.402489626556,0.402489626556,0.402489626556
404,238,all-E,0.204918032787,0.204918032787,0.204918032787,0.204918032787
405,239,all-E,0.133333333333,0.133333333333,0.133333333333,0.133333333333
406,240,all-S,0.398734177215,0.398734177215,0.398734177215,0.398734177215
407,241,all-E,0.426470588235,0.426470588235,0.426470588235,0.426470588235
408,242,all-E,0.0473933649289,0.0473933649289,0.0473933649289,0.0473933649289
409,243,all-H,0.0189573459716,0.0189573459716,0.0189573459716,0.0189573459716
410,244,all-H,0.139072847682,0.139072847682,0.139072847682,0.139072847682
411,245,all-H,0.139072847682,0.139072847682,0.139072847682,0.139072847682
412,246,all-H,0.042654028436,0.042654028436,0.042654028436,0.042654028436
413,247,all-T,0.424050632911,0.424050632911,0.424050632911,0.424050632911
414,248,,0.166666666667,0.166666666667,0.166666666667,0.166666666667
415,249,,0.437086092715,0.437086092715,0.437086092715,0.437086092715
416,250,all-S,0.994535519126,0.994535519126,0.994535519126,0.994535519126
417,251,all-S,0.994535519126,0.994535519126,0.994535519126,0.994535519126
418,252,all-S,0.271523178808,0.271523178808,0.271523178808,0.271523178808
419,253,,0.620253164557,0.620253164557,0.620253164557,0.620253164557
420,254,,0.187772925764,0.187772925764,0.187772925764,0.187772925764
421,255,all-E,0.364238410596,0.364238410596,0.364238410596,0.364238410596
422,256,,0.271523178808,0.348996883522,0.348996883522,0.426470588235
423,257,all-E,0.364238410596,0.395354499416,0.395354499416,0.426470588235
424,258,,0.139072847682,0.271523178808,0.279022204908,0.426470588235
425,259,,0.139072847682,0.317880794702,0.30032625633,0.426470588235
426,260,,0.139072847682,0.437086092715,0.523564819841,0.994535519126
427,261,,0.271523178808,0.317880794702,0.317880794702,0.364238410596
428,314,all-T,0.0235294117647,0.0235294117647,0.0235294117647,0.0235294117647
429,315,all-T,0.118556701031,0.118556701031,0.118556701031,0.118556701031
430,316,all-T,0.118556701031,0.118556701031,0.118556701031,0.118556701031
431,317,all-T,0.118556701031,0.118556701031,0.118556701031,0.118556701031
432,318,all-E,0.0388888888889,0.0388888888889,0.0388888888889,0.0388888888889
433,319,,0.0550458715596,0.0550458715596,0.0550458715596,0.0550458715596
434,320,all-E,0.291390728477,0.291390728477,0.291390728477,0.291390728477
435,321,all-E,0.291390728477,0.291390728477,0.291390728477,0.291390728477
436,322,,0.622950819672,0.622950819672,0.622950819672,0.622950819672
437,323,,0.0934065934066,0.0934065934066,0.0934065934066,0.0934065934066
438,324,all-E,0.0479452054795,0.0479452054795,0.0479452054795,0.0479452054795
439,325,all-E,0.0,0.0,0.0,0.0
440,326,all-E,0.0,0.0,0.0,0.0
441,327,all-E,0.197802197802,0.197802197802,0.197802197802,0.197802197802
442,328,all-S,0.661202185792,0.661202185792,0.661202185792,0.661202185792
443,329,all-E,0.00625,0.00625,0.00625,0.00625
444,330,all-T,0.456953642384,0.456953642384,0.456953642384,0.456953642384
445,331,all-T,0.136612021858,0.136612021858,0.136612021858,0.136612021858
446,332,all-T,0.136612021858,0.136612021858,0.136612021858,0.136612021858
447,333,,0.867088607595,0.867088607595,0.867088607595,0.867088607595
448,334,all-E,0.00625,0.00625,0.00625,0.00625
449,335,all-E,0.0710382513661,0.0710382513661,0.0710382513661,0.0710382513661
450,336,all-E,0.139175257732,0.139175257732,0.139175257732,0.139175257732
451,337,all-E,0.0,0.0,0.0,0.0
452,338,all-E,0.0245098039216,0.0245098039216,0.0245098039216,0.0245098039216
453,339,all-E,0.0494505494505,0.0494505494505,0.0494505494505,0.0494505494505
454,603,all-E,0.2125,0.2125,0.2125,0.2125
455,604,all-I,0.394190871369,0.394190871369,0.394190871369,0.394190871369
456,605,all-T,0.551867219917,0.551867219917,0.551867219917,0.551867219917
457,606,all-I,0.394190871369,0.394190871369,0.394190871369,0.394190871369
458,607,all-T,0.551867219917,0.551867219917,0.551867219917,0.551867219917
459,340,,0.150442477876,0.150442477876,0.150442477876,0.150442477876
460,341,all-T,0.55737704918,0.55737704918,0.55737704918,0.55737704918
461,342,all-S,0.655737704918,0.655737704918,0.655737704918,0.655737704918
462,343,all-E,0.211618257261,0.211618257261,0.211618257261,0.211618257261
463,344,all-S,0.458823529412,0.458823529412,0.458823529412,0.458823529412
464,345,all-E,0.124481327801,0.124481327801,0.124481327801,0.124481327801
465,397,all-E,0.0275229357798,0.0275229357798,0.0275229357798,0.0275229357798
466,398,all-E,0.0275229357798,0.0275229357798,0.0275229357798,0.0275229357798
467,399,all-E,0.153439153439,0.153439153439,0.153439153439,0.153439153439
468,400,all-E,0.100529100529,0.100529100529,0.100529100529,0.100529100529
469,401,all-E,0.661202185792,0.661202185792,0.661202185792,0.661202185792
470,402,all-E,0.661202185792,0.661202185792,0.661202185792,0.661202185792
471,403,all-E,0.10625,0.10625,0.10625,0.10625
472,404,all-E,0.41095890411,0.41095890411,0.41095890411,0.41095890411
473,405,all-E,0.41095890411,0.41095890411,0.41095890411,0.41095890411
474,406,all-T,0.811188811189,0.811188811189,0.811188811189,0.811188811189
475,407,all-T,0.645569620253,0.645569620253,0.645569620253,0.645569620253
476,408,all-H,0.614107883817,0.614107883817,0.614107883817,0.614107883817
477,409,all-H,0.614107883817,0.614107883817,0.614107883817,0.614107883817
478,410,all-H,0.672985781991,0.672985781991,0.672985781991,0.672985781991
479,411,all-T,0.63981042654,0.63981042654,0.63981042654,0.63981042654
480,412,all-E,0.116438356164,0.116438356164,0.116438356164,0.116438356164
481,413,all-E,0.178082191781,0.178082191781,0.178082191781,0.178082191781
482,414,all-T,0.981012658228,0.981012658228,0.981012658228,0.981012658228
483,415,all-E,0.311475409836,0.311475409836,0.311475409836,0.311475409836
484,416,all-E,0.44262295082,0.44262295082,0.44262295082,0.44262295082
485,417,,0.270491803279,0.270491803279,0.270491803279,0.270491803279
486,418,all-S,0.677248677249,0.677248677249,0.677248677249,0.677248677249
487,419,all-E,0.219178082192,0.219178082192,0.219178082192,0.219178082192
488,420,all-E,0.219178082192,0.219178082192,0.219178082192,0.219178082192
489,421,all-E,0.00819672131148,0.00819672131148,0.00819672131148,0.00819672131148
490,422,all-E,0.0928961748634,0.0928961748634,0.0928961748634,0.0928961748634
491,423,all-T,0.715846994536,0.715846994536,0.715846994536,0.715846994536
492,424,all-T,0.245033112583,0.245033112583,0.245033112583,0.245033112583
493,425,all-H,0.0,0.0,0.0,0.0
494,426,all-H,0.0,0.0,0.0,0.0
495,427,all-H,0.015873015873,0.015873015873,0.015873015873,0.015873015873
496,428,all-H,0.39336492891,0.39336492891,0.39336492891,0.39336492891
497,429,all-H,0.39336492891,0.39336492891,0.39336492891,0.39336492891
498,430,all-H,0.191256830601,0.191256830601,0.191256830601,0.191256830601
499,431,all-H,0.30412371134,0.30412371134,0.30412371134,0.30412371134
500,432,all-H,0.30412371134,0.30412371134,0.30412371134,0.30412371134
501,433,all-H,0.469194312796,0.469194312796,0.469194312796,0.469194312796
502,434,all-H,0.274336283186,0.274336283186,0.274336283186,0.274336283186
503,435,,0.819672131148,0.819672131148,0.819672131148,0.819672131148
504,436,,1.15846994536,1.15846994536,1.15846994536,1.15846994536
505,437,,1.15846994536,1.15846994536,1.15846994536,1.15846994536
506,438,,1.15846994536,1.15846994536,1.15846994536,1.15846994536
507,439,,1.15846994536,1.15846994536,1.15846994536,1.15846994536
508,440,all-T,0.376288659794,0.376288659794,0.376288659794,0.376288659794
509,441,all-T,0.376288659794,0.376288659794,0.376288659794,0.376288659794
510,442,all-T,0.376288659794,0.376288659794,0.376288659794,0.376288659794
511,443,all-T,0.376288659794,0.376288659794,0.376288659794,0.376288659794
512,444,all-T,0.0357142857143,0.0357142857143,0.0357142857143,0.0357142857143
513,445,all-T,0.121693121693,0.121693121693,0.121693121693,0.121693121693
514,446,all-E,0.0,0.0,0.0,0.0
515,447,,0.274725274725,0.274725274725,0.274725274725,0.274725274725
516,448,,0.53642384106,0.53642384106,0.53642384106,0.53642384106
517,449,all-B,0.304635761589,0.304635761589,0.304635761589,0.304635761589
518,450,all-T,0.265560165975,0.265560165975,0.265560165975,0.265560165975
519,451,all-B,0.0825688073394,0.0825688073394,0.0825688073394,0.0825688073394
520,452,,0.601659751037,0.601659751037,0.601659751037,0.601659751037
521,453,all-S,0.0131004366812,0.0131004366812,0.0131004366812,0.0131004366812
522,454,all-E,0.489626556017,0.489626556017,0.489626556017,0.489626556017
523,455,,0.160550458716,0.160550458716,0.160550458716,0.160550458716
524,456,,0.417721518987,0.417721518987,0.417721518987,0.417721518987
525,457,all-T,0.708609271523,0.708609271523,0.708609271523,0.708609271523
526,458,all-T,0.51376146789,0.51376146789,0.51376146789,0.51376146789
527,459,all-T,0.452054794521,0.452054794521,0.452054794521,0.452054794521
528,460,,0.020618556701,0.020618556701,0.020618556701,0.020618556701
529,461,all-S,0.645502645503,0.645502645503,0.645502645503,0.645502645503
530,462,all-T,0.480349344978,0.480349344978,0.480349344978,0.480349344978
531,463,,0.684931506849,0.684931506849,0.684931506849,0.684931506849
532,464,all-S,0.55,0.55,0.55,0.55
533,465,all-H,0.409836065574,0.409836065574,0.409836065574,0.409836065574
534,466,all-T,1.02116402116,1.02116402116,1.02116402116,1.02116402116
535,467,all-T,0.42328042328,0.42328042328,0.42328042328,0.42328042328
536,468,all-S,0.46357615894,0.46357615894,0.46357615894,0.46357615894
537,469,all-B,0.481481481481,0.481481481481,0.481481481481,0.481481481481
538,470,all-T,0.705394190871,0.705394190871,0.705394190871,0.705394190871
539,471,all-B,0.270142180095,0.270142180095,0.270142180095,0.270142180095
540,472,all-T,0.37037037037,0.37037037037,0.37037037037,0.37037037037
541,473,all-E,0.197802197802,0.197802197802,0.197802197802,0.197802197802
542,474,all-S,0.225274725275,0.225274725275,0.225274725275,0.225274725275
543,475,,0.456953642384,0.456953642384,0.456953642384,0.456953642384
544,476,all-B,0.284768211921,0.284768211921,0.284768211921,0.284768211921
545,477,all-T,0.48132780083,0.48132780083,0.48132780083,0.48132780083
546,478,all-B,0.174311926606,0.174311926606,0.174311926606,0.174311926606
547,479,,0.576763485477,0.576763485477,0.576763485477,0.576763485477
548,480,all-T,0.131004366812,0.131004366812,0.131004366812,0.131004366812
549,481,all-E,0.435684647303,0.435684647303,0.435684647303,0.435684647303
550,482,,0.165137614679,0.165137614679,0.165137614679,0.165137614679
551,483,,0.177215189873,0.177215189873,0.177215189873,0.177215189873
552,484,all-T,0.184931506849,0.184931506849,0.184931506849,0.184931506849
553,485,all-B,0.237113402062,0.237113402062,0.237113402062,0.237113402062
554,486,all-S,0.656084656085,0.656084656085,0.656084656085,0.656084656085
555,487,all-T,0.240174672489,0.240174672489,0.240174672489,0.240174672489
556,488,,0.732876712329,0.732876712329,0.732876712329,0.732876712329
557,489,all-S,0.577777777778,0.577777777778,0.577777777778,0.577777777778
558,490,all-H,0.491803278689,0.491803278689,0.491803278689,0.491803278689
559,491,all-T,0.544973544974,0.544973544974,0.544973544974,0.544973544974
560,492,all-T,0.0634920634921,0.0634920634921,0.0634920634921,0.0634920634921
561,493,all-S,0.192052980132,0.192052980132,0.192052980132,0.192052980132
562,494,all-B,0.354497354497,0.354497354497,0.354497354497,0.354497354497
563,495,all-T,0.734439834025,0.734439834025,0.734439834025,0.734439834025
564,496,all-B,0.251184834123,0.251184834123,0.251184834123,0.251184834123
565,497,all-T,0.412698412698,0.412698412698,0.412698412698,0.412698412698
566,498,all-E,0.153846153846,0.153846153846,0.153846153846,0.153846153846
567,499,,0.335164835165,0.335164835165,0.335164835165,0.335164835165
568,500,,0.377483443709,0.377483443709,0.377483443709,0.377483443709
569,501,all-B,0.450331125828,0.450331125828,0.450331125828,0.450331125828
570,502,all-T,0.539419087137,0.539419087137,0.539419087137,0.539419087137
571,503,all-B,0.169724770642,0.169724770642,0.169724770642,0.169724770642
572,504,,0.55601659751,0.55601659751,0.55601659751,0.55601659751
573,505,all-T,0.144104803493,0.144104803493,0.144104803493,0.144104803493
574,506,all-E,0.580912863071,0.580912863071,0.580912863071,0.580912863071
575,507,,0.151376146789,0.151376146789,0.151376146789,0.151376146789
576,508,,0.462025316456,0.462025316456,0.462025316456,0.462025316456
577,509,all-T,0.304635761589,0.304635761589,0.304635761589,0.304635761589
578,510,all-T,0.133027522936,0.133027522936,0.133027522936,0.133027522936
579,511,all-T,0.308219178082,0.308219178082,0.308219178082,0.308219178082
580,512,,0.154639175258,0.154639175258,0.154639175258,0.154639175258
581,513,all-S,0.650793650794,0.650793650794,0.650793650794,0.650793650794
582,514,all-T,0.161572052402,0.161572052402,0.161572052402,0.161572052402
583,515,,0.547945205479,0.547945205479,0.547945205479,0.547945205479
584,516,all-S,0.577777777778,0.577777777778,0.577777777778,0.577777777778
585,517,all-H,0.415300546448,0.415300546448,0.415300546448,0.415300546448
586,518,all-T,0.973544973545,0.973544973545,0.973544973545,0.973544973545
587,519,all-T,0.222222222222,0.222222222222,0.222222222222,0.222222222222
588,520,all-S,0.470198675497,0.470198675497,0.470198675497,0.470198675497
589,521,,0.222222222222,0.222222222222,0.222222222222,0.222222222222
590,522,all-T,0.792531120332,0.792531120332,0.792531120332,0.792531120332
591,523,,0.336492890995,0.336492890995,0.336492890995,0.336492890995
592,525,,0.104895104895,0.311203319502,0.371205528895,0.868131868132
593,527,,0.0,0.162731199933,0.198177827041,0.467248908297
594,530,,0.0,0.162731199933,0.323449414915,0.900662251656
595,528,,0.0,0.139081385979,0.162596248545,0.372222222222
596,529,,0.0,0.141176470588,0.279391430414,0.857142857143
597,531,,0.0,0.426496616346,0.43344698367,0.880794701987
598,532,,0.0,0.36936873323,0.403263601588,0.874316939891
599,533,,0.0,0.106325543916,0.271268742328,0.874316939891
600,534,,0.0,0.219178082192,0.29589177485,0.874316939891
601,535,all-T,0.0,0.0,0.0,0.0
602,536,all-S,0.0927152317881,0.0927152317881,0.0927152317881,0.0927152317881
603,537,all-E,0.0164835164835,0.0164835164835,0.0164835164835,0.0164835164835
604,538,all-E,0.0164835164835,0.0164835164835,0.0164835164835,0.0164835164835
605,539,all-T,0.550632911392,0.550632911392,0.550632911392,0.550632911392
606,540,all-T,0.550632911392,0.550632911392,0.550632911392,0.550632911392
607,541,all-E,0.152317880795,0.152317880795,0.152317880795,0.152317880795
608,542,all-E,0.137566137566,0.137566137566,0.137566137566,0.137566137566
609,543,all-E,0.137566137566,0.137566137566,0.137566137566,0.137566137566
610,544,all-T,0.0,0.0,0.0,0.0
611,545,all-S,0.0742358078603,0.0742358078603,0.0742358078603,0.0742358078603
612,546,all-S,0.0742358078603,0.0742358078603,0.0742358078603,0.0742358078603
613,547,all-S,0.0491803278689,0.0491803278689,0.0491803278689,0.0491803278689
614,548,,0.0,0.0,0.0,0.0
615,549,all-E,0.0,0.0,0.0,0.0
616,550,,0.0132450331126,0.0180904064645,0.0180904064645,0.0229357798165
617,551,,0.0229357798165,0.122227383579,0.122227383579,0.221518987342
618,552,,0.0,0.0114678899083,0.0114678899083,0.0229357798165
619,553,all-H,0.211618257261,0.211618257261,0.211618257261,0.211618257261
620,554,,0.120253164557,0.120253164557,0.120253164557,0.120253164557
621,555,all-H,0.0327868852459,0.0327868852459,0.0327868852459,0.0327868852459
622,556,all-H,0.00632911392405,0.00632911392405,0.00632911392405,0.00632911392405
623,557,all-H,0.262295081967,0.262295081967,0.262295081967,0.262295081967
624,558,all-H,0.0,0.0,0.0,0.0
625,559,,0.00819672131148,0.00819672131148,0.00819672131148,0.00819672131148
626,560,all-B,0.0229357798165,0.0229357798165,0.0229357798165,0.0229357798165
627,561,,0.0,0.0,0.0,0.0
628,562,,0.0740740740741,0.0740740740741,0.0740740740741,0.0740740740741
629,563,,0.0284360189573,0.0284360189573,0.0284360189573,0.0284360189573
630,564,all-B,0.1375,0.1375,0.1375,0.1375
631,1193,all-H,0.0132450331126,0.0132450331126,0.0132450331126,0.0132450331126
632,1194,all-H,0.221518987342,0.221518987342,0.221518987342,0.221518987342
633,1195,all-H,0.510373443983,0.510373443983,0.510373443983,0.510373443983
634,1196,all-H,0.147540983607,0.147540983607,0.147540983607,0.147540983607
635,1197,all-H,0.414937759336,0.414937759336,0.414937759336,0.414937759336
636,1198,all-H,0.221518987342,0.365946215663,0.365946215663,0.510373443983
637,1199,all-H,0.0132450331126,0.221518987342,0.248379154813,0.510373443983
638,1200,all-H,0.221518987342,0.414937759336,0.38227673022,0.510373443983
639,1201,all-H,0.147540983607,0.318228373339,0.323592793567,0.510373443983
640,1202,all-H,0.213114754098,0.213114754098,0.213114754098,0.213114754098
641,1203,all-H,0.0132450331126,0.0132450331126,0.0132450331126,0.0132450331126
642,1204,all-H,0.221518987342,0.221518987342,0.221518987342,0.221518987342
643,1205,all-H,0.0,0.0,0.0,0.0
644,1206,all-H,0.0710382513661,0.0710382513661,0.0710382513661,0.0710382513661
645,1207,all-H,0.414937759336,0.414937759336,0.414937759336,0.414937759336
646,1208,all-T,0.0,0.0,0.0,0.0
647,1209,,0.202797202797,0.202797202797,0.202797202797,0.202797202797
648,569,all-H,0.190871369295,0.190871369295,0.190871369295,0.190871369295
649,570,,0.158227848101,0.158227848101,0.158227848101,0.158227848101
650,571,all-H,0.0327868852459,0.0327868852459,0.0327868852459,0.0327868852459
651,572,all-H,0.0,0.0,0.0,0.0
652,573,all-H,0.245901639344,0.245901639344,0.245901639344,0.245901639344
653,574,all-H,0.00819672131148,0.00819672131148,0.00819672131148,0.00819672131148
654,575,,0.0,0.0,0.0,0.0
655,576,all-B,0.0045871559633,0.0045871559633,0.0045871559633,0.0045871559633
656,577,,0.0,0.0,0.0,0.0
657,578,,0.126984126984,0.126984126984,0.126984126984,0.126984126984
658,579,,0.085308056872,0.085308056872,0.085308056872,0.085308056872
659,580,all-B,0.075,0.075,0.075,0.075
660,581,,0.0045871559633,0.00507135575943,0.00507135575943,0.00555555555556
661,582,,0.0045871559633,0.0835435779817,0.0835435779817,0.1625
662,583,,0.0,0.00229357798165,0.00229357798165,0.0045871559633
663,584,,0.0045871559633,0.00666039020873,0.00666039020873,0.00873362445415
664,585,,0.0045871559633,0.152948599816,0.152948599816,0.301310043668
665,1101,all-H,0.0357142857143,0.0357142857143,0.0357142857143,0.0357142857143
666,1102,all-T,0.582278481013,0.582278481013,0.582278481013,0.582278481013
667,1103,,0.794701986755,0.794701986755,0.794701986755,0.794701986755
668,1104,all-S,0.143835616438,0.143835616438,0.143835616438,0.143835616438
669,1105,all-S,0.901639344262,0.901639344262,0.901639344262,0.901639344262
670,1106,all-S,0.286885245902,0.286885245902,0.286885245902,0.286885245902
671,1107,all-H,0.213114754098,0.213114754098,0.213114754098,0.213114754098
672,1108,all-H,0.857923497268,0.857923497268,0.857923497268,0.857923497268
673,1109,all-H,0.475409836066,0.475409836066,0.475409836066,0.475409836066
674,1110,all-H,0.00555555555556,0.00555555555556,0.00555555555556,0.00555555555556
675,1111,all-H,0.1625,0.1625,0.1625,0.1625
676,1112,all-H,0.687203791469,0.687203791469,0.687203791469,0.687203791469
677,1113,all-H,0.172222222222,0.172222222222,0.172222222222,0.172222222222
678,1114,all-H,0.0,0.0,0.0,0.0
679,1115,all-H,0.294520547945,0.294520547945,0.294520547945,0.294520547945
680,1116,all-H,0.153005464481,0.153005464481,0.153005464481,0.153005464481
681,1117,all-H,0.726775956284,0.726775956284,0.726775956284,0.726775956284
682,1118,all-H,0.0,0.0,0.0,0.0
683,1119,,0.579234972678,0.579234972678,0.579234972678,0.579234972678
684,1120,,0.113402061856,0.113402061856,0.113402061856,0.113402061856
685,1121,all-T,0.608391608392,0.608391608392,0.608391608392,0.608391608392
686,1122,all-T,0.213114754098,0.213114754098,0.213114754098,0.213114754098
687,1123,all-T,0.0235294117647,0.0235294117647,0.0235294117647,0.0235294117647
688,1124,all-T,0.0,0.0,0.0,0.0
689,1125,all-H,0.198675496689,0.198675496689,0.198675496689,0.198675496689
690,1126,all-H,0.1,0.1,0.1,0.1
691,1127,all-H,0.0,0.0,0.0,0.0
692,1128,all-H,0.00873362445415,0.00873362445415,0.00873362445415,0.00873362445415
693,1129,all-S,0.301310043668,0.301310043668,0.301310043668,0.301310043668
694,1130,,0.293706293706,0.293706293706,0.293706293706,0.293706293706
695,1131,,0.437086092715,0.437086092715,0.437086092715,0.437086092715
696,1132,all-S,0.303278688525,0.303278688525,0.303278688525,0.303278688525
697,1133,all-H,0.025,0.025,0.025,0.025
698,1134,all-H,0.474683544304,0.474683544304,0.474683544304,0.474683544304
699,586,,0.366666666667,0.366666666667,0.366666666667,0.366666666667
700,587,,0.366666666667,0.366666666667,0.366666666667,0.366666666667
701,588,all-S,0.0384615384615,0.0384615384615,0.0384615384615,0.0384615384615
702,589,all-S,0.0384615384615,0.0384615384615,0.0384615384615,0.0384615384615
703,590,,0.678082191781,0.678082191781,0.678082191781,0.678082191781
704,591,all-E,0.630136986301,0.630136986301,0.630136986301,0.630136986301
705,592,,0.153846153846,0.153846153846,0.153846153846,0.153846153846
706,593,,0.153846153846,0.153846153846,0.153846153846,0.153846153846
707,594,all-T,0.00549450549451,0.00549450549451,0.00549450549451,0.00549450549451
708,595,all-T,0.00549450549451,0.00549450549451,0.00549450549451,0.00549450549451
709,596,all-E,0.043956043956,0.043956043956,0.043956043956,0.043956043956
710,597,all-E,0.043956043956,0.043956043956,0.043956043956,0.043956043956
711,598,all-E,0.0265486725664,0.0265486725664,0.0265486725664,0.0265486725664
712,599,all-H,0.218009478673,0.218009478673,0.218009478673,0.218009478673
713,600,all-H,0.150442477876,0.184225978275,0.184225978275,0.218009478673
714,601,all-H,0.505882352941,0.505882352941,0.505882352941,0.505882352941
715,602,all-H,0.214285714286,0.346153846154,0.346153846154,0.478021978022
716,608,all-E,0.0,0.0,0.0,0.0
717,609,all-E,0.227488151659,0.428909952607,0.428909952607,0.630331753555
718,610,,0.045643153527,0.174273858921,0.260919514168,0.562841530055
719,611,all-E,0.205298013245,0.24644549763,0.248941826029,0.295081967213
720,612,all-E,0.291390728477,0.360995850622,0.363181683015,0.437158469945
721,613,all-T,0.0198675496689,0.445497630332,0.428980647829,0.821576763485
722,614,,0.284153005464,0.379146919431,0.497366677969,0.94701986755
723,615,,0.120218579235,0.387978142077,0.373438722813,0.629139072848
724,616,all-E,0.265560165975,0.265560165975,0.265560165975,0.265560165975
725,617,all-S,0.0983606557377,0.0983606557377,0.0983606557377,0.0983606557377
726,618,all-S,0.0124481327801,0.0124481327801,0.0124481327801,0.0124481327801
727,619,all-S,0.234972677596,0.234972677596,0.234972677596,0.234972677596
728,620,all-E,0.174273858921,0.174273858921,0.174273858921,0.174273858921
729,621,,0.045643153527,0.045643153527,0.045643153527,0.045643153527
730,622,all-S,0.562841530055,0.562841530055,0.562841530055,0.562841530055
731,623,,0.765027322404,0.765027322404,0.765027322404,0.765027322404
732,624,all-E,0.369668246445,0.369668246445,0.369668246445,0.369668246445
733,625,all-E,0.409836065574,0.409836065574,0.409836065574,0.409836065574
734,626,all-T,0.945355191257,0.945355191257,0.945355191257,0.945355191257
735,627,all-E,0.21327014218,0.21327014218,0.21327014218,0.21327014218
736,628,all-G,0.046357615894,0.046357615894,0.046357615894,0.046357615894
737,629,all-G,0.196721311475,0.196721311475,0.196721311475,0.196721311475
738,630,,0.291390728477,0.291390728477,0.291390728477,0.291390728477
739,631,all-E,0.0983606557377,0.0983606557377,0.0983606557377,0.0983606557377
740,632,all-E,0.0983606557377,0.0983606557377,0.0983606557377,0.0983606557377
741,633,all-E,0.0758293838863,0.0758293838863,0.0758293838863,0.0758293838863
742,634,all-E,0.136612021858,0.136612021858,0.136612021858,0.136612021858
743,635,all-E,0.440758293839,0.440758293839,0.440758293839,0.440758293839
744,636,all-T,0.629139072848,0.629139072848,0.629139072848,0.629139072848
745,637,all-S,0.289099526066,0.289099526066,0.289099526066,0.289099526066
746,638,all-E,0.387978142077,0.387978142077,0.387978142077,0.387978142077
747,639,all-E,0.120218579235,0.120218579235,0.120218579235,0.120218579235
748,640,all-E,0.244813278008,0.244813278008,0.244813278008,0.244813278008
749,641,all-E,0.248962655602,0.248962655602,0.248962655602,0.248962655602
750,642,all-E,0.194312796209,0.194312796209,0.194312796209,0.194312796209
751,643,all-T,0.253112033195,0.253112033195,0.253112033195,0.253112033195
752,644,,0.72131147541,0.72131147541,0.72131147541,0.72131147541
753,645,,0.119691119691,0.119691119691,0.119691119691,0.119691119691
754,646,,0.366795366795,0.366795366795,0.366795366795,0.366795366795
755,647,all-S,0.027027027027,0.027027027027,0.027027027027,0.027027027027
756,648,all-E,0.318777292576,0.318777292576,0.318777292576,0.318777292576
757,649,all-S,0.0979020979021,0.0979020979021,0.0979020979021,0.0979020979021
758,650,all-E,0.106557377049,0.106557377049,0.106557377049,0.106557377049
759,651,,0.691780821918,0.691780821918,0.691780821918,0.691780821918
760,652,,0.348101265823,0.348101265823,0.348101265823,0.348101265823
761,653,all-S,0.417808219178,0.417808219178,0.417808219178,0.417808219178
762,654,all-S,0.867724867725,0.867724867725,0.867724867725,0.867724867725
763,655,,0.691780821918,0.691780821918,0.691780821918,0.691780821918
764,656,all-S,0.238095238095,0.238095238095,0.238095238095,0.238095238095
765,657,,0.341772151899,0.341772151899,0.341772151899,0.341772151899
766,658,all-T,0.377049180328,0.377049180328,0.377049180328,0.377049180328
767,659,all-T,0.737704918033,0.737704918033,0.737704918033,0.737704918033
768,660,all-T,0.270642201835,0.270642201835,0.270642201835,0.270642201835
769,661,,0.0205479452055,0.0205479452055,0.0205479452055,0.0205479452055
770,662,,0.0409836065574,0.0409836065574,0.0409836065574,0.0409836065574
771,663,all-S,0.010989010989,0.010989010989,0.010989010989,0.010989010989
772,664,all-S,0.115384615385,0.115384615385,0.115384615385,0.115384615385
773,665,all-E,0.0,0.0,0.0,0.0
774,666,all-G,0.0,0.0,0.0,0.0
775,667,all-S,0.0604395604396,0.0604395604396,0.0604395604396,0.0604395604396
776,668,all-B,0.0,0.0,0.0,0.0
777,669,,0.222222222222,0.222222222222,0.222222222222,0.222222222222
778,726,,0.883561643836,0.883561643836,0.883561643836,0.883561643836
779,727,,0.686813186813,0.686813186813,0.686813186813,0.686813186813
780,728,,0.692307692308,0.692307692308,0.692307692308,0.692307692308
781,729,all-S,0.127777777778,0.127777777778,0.127777777778,0.127777777778
782,730,all-H,0.409836065574,0.409836065574,0.409836065574,0.409836065574
783,731,all-H,0.825726141079,0.825726141079,0.825726141079,0.825726141079
784,732,all-H,0.266666666667,0.266666666667,0.266666666667,0.266666666667
785,733,all-H,0.0,0.0,0.0,0.0
786,734,all-H,0.284810126582,0.284810126582,0.284810126582,0.284810126582
787,735,all-H,0.622222222222,0.622222222222,0.622222222222,0.622222222222
788,736,all-H,0.211618257261,0.211618257261,0.211618257261,0.211618257261
789,737,all-H,0.311203319502,0.311203319502,0.311203319502,0.311203319502
790,738,all-G,0.146788990826,0.146788990826,0.146788990826,0.146788990826
791,739,all-G,0.0,0.0,0.0,0.0
792,740,all-G,0.590163934426,0.590163934426,0.590163934426,0.590163934426
793,741,all-S,0.010989010989,0.010989010989,0.010989010989,0.010989010989
794,742,,0.405594405594,0.405594405594,0.405594405594,0.405594405594
795,743,all-H,0.366120218579,0.366120218579,0.366120218579,0.366120218579
796,744,all-T,0.835978835979,0.835978835979,0.835978835979,0.835978835979
797,745,all-S,0.293838862559,0.293838862559,0.293838862559,0.293838862559
798,746,,0.483606557377,0.483606557377,0.483606557377,0.483606557377
799,747,all-H,0.155555555556,0.155555555556,0.155555555556,0.155555555556
800,748,all-H,0.0,0.0,0.0,0.0
801,749,all-H,0.031746031746,0.031746031746,0.031746031746,0.031746031746
802,750,all-H,0.164285714286,0.164285714286,0.164285714286,0.164285714286
803,751,all-H,0.262295081967,0.262295081967,0.262295081967,0.262295081967
804,752,all-S,0.11875,0.11875,0.11875,0.11875
805,753,all-T,0.352941176471,0.352941176471,0.352941176471,0.352941176471
806,754,all-S,0.295081967213,0.295081967213,0.295081967213,0.295081967213
807,755,,1.0,1.0,1.0,1.0
808,759,all-H,0.112745098039,0.112745098039,0.112745098039,0.112745098039
809,760,all-H,0.118556701031,0.118556701031,0.118556701031,0.118556701031
810,761,all-H,0.00515463917526,0.00515463917526,0.00515463917526,0.00515463917526
811,762,all-H,0.259259259259,0.259259259259,0.259259259259,0.259259259259
812,763,all-H,0.123853211009,0.123853211009,0.123853211009,0.123853211009
813,764,all-H,0.490066225166,0.490066225166,0.490066225166,0.490066225166
814,765,all-H,0.444444444444,0.444444444444,0.444444444444,0.444444444444
815,766,all-H,0.161572052402,0.161572052402,0.161572052402,0.161572052402
816,767,all-H,0.0,0.0,0.0,0.0
817,768,all-T,0.407407407407,0.407407407407,0.407407407407,0.407407407407
818,769,all-H,0.027972027972,0.027972027972,0.027972027972,0.027972027972
819,770,all-H,0.00819672131148,0.00819672131148,0.00819672131148,0.00819672131148
820,771,all-G,0.229508196721,0.229508196721,0.229508196721,0.229508196721
821,772,,0.00699300699301,0.00699300699301,0.00699300699301,0.00699300699301
822,773,,0.188524590164,0.188524590164,0.188524590164,0.188524590164
823,774,all-S,0.139240506329,0.139240506329,0.139240506329,0.139240506329
824,775,all-H,0.224066390041,0.224066390041,0.224066390041,0.224066390041
825,776,all-H,0.612021857923,0.612021857923,0.612021857923,0.612021857923
826,777,all-H,0.232804232804,0.232804232804,0.232804232804,0.232804232804
827,778,all-H,0.0131004366812,0.0131004366812,0.0131004366812,0.0131004366812
828,779,all-H,0.0912863070539,0.0912863070539,0.0912863070539,0.0912863070539
829,780,all-H,0.0142180094787,0.0142180094787,0.0142180094787,0.0142180094787
830,781,all-H,0.0397350993377,0.0397350993377,0.0397350993377,0.0397350993377
831,782,all-H,0.0379146919431,0.0379146919431,0.0379146919431,0.0379146919431
832,783,all-H,0.120218579235,0.120218579235,0.120218579235,0.120218579235
833,784,all-H,0.0479452054795,0.0479452054795,0.0479452054795,0.0479452054795
834,785,all-H,0.0,0.0,0.0,0.0
835,786,all-H,0.165975103734,0.165975103734,0.165975103734,0.165975103734
836,787,all-H,0.0,0.0,0.0,0.0
837,788,all-H,0.419087136929,0.419087136929,0.419087136929,0.419087136929
838,789,all-T,1.02732240437,1.02732240437,1.02732240437,1.02732240437
839,790,all-E,0.0,0.0,0.0,0.0
840,791,all-E,0.295081967213,0.295081967213,0.295081967213,0.295081967213
841,792,all-E,0.24644549763,0.24644549763,0.24644549763,0.24644549763
842,793,all-E,0.0142857142857,0.0142857142857,0.0142857142857,0.0142857142857
843,794,all-E,0.0,0.0,0.0,0.0
844,795,,0.0198675496689,0.0198675496689,0.0198675496689,0.0198675496689
845,796,,0.159340659341,0.159340659341,0.159340659341,0.159340659341
846,797,all-T,0.550264550265,0.550264550265,0.550264550265,0.550264550265
847,798,all-T,0.445497630332,0.445497630332,0.445497630332,0.445497630332
848,799,,0.1875,0.1875,0.1875,0.1875
849,800,all-S,0.541095890411,0.541095890411,0.541095890411,0.541095890411
850,801,all-S,0.287671232877,0.287671232877,0.287671232877,0.287671232877
851,802,all-E,0.0582010582011,0.0582010582011,0.0582010582011,0.0582010582011
852,803,all-T,0.126582278481,0.126582278481,0.126582278481,0.126582278481
853,963,,0.123853211009,0.161572052402,0.230944223606,0.407407407407
854,964,,0.161572052402,0.284489729905,0.284489729905,0.407407407407
855,1154,all-S,0.0819672131148,0.0819672131148,0.0819672131148,0.0819672131148
856,1155,all-S,0.0124481327801,0.0124481327801,0.0124481327801,0.0124481327801
857,1156,all-S,0.0124481327801,0.0124481327801,0.0124481327801,0.0124481327801
858,670,,0.748815165877,0.748815165877,0.748815165877,0.748815165877
859,671,all-E,0.549763033175,0.549763033175,0.549763033175,0.549763033175
860,672,all-E,0.284360189573,0.284360189573,0.284360189573,0.284360189573
861,673,all-T,0.364928909953,0.364928909953,0.364928909953,0.364928909953
862,674,all-S,0.490066225166,0.490066225166,0.490066225166,0.490066225166
863,675,,0.602739726027,0.602739726027,0.602739726027,0.602739726027
864,676,,0.527397260274,0.527397260274,0.527397260274,0.527397260274
865,677,all-B,0.41095890411,0.41095890411,0.41095890411,0.41095890411
866,678,all-S,0.418032786885,0.418032786885,0.418032786885,0.418032786885
867,679,all-S,0.825396825397,0.825396825397,0.825396825397,0.825396825397
868,680,,0.293838862559,0.293838862559,0.293838862559,0.293838862559
869,681,,0.431279620853,0.431279620853,0.431279620853,0.431279620853
870,682,all-S,0.352459016393,0.352459016393,0.352459016393,0.352459016393
871,683,,0.216931216931,0.216931216931,0.216931216931,0.216931216931
872,684,all-E,0.139175257732,0.139175257732,0.139175257732,0.139175257732
873,685,all-E,0.0,0.0,0.0,0.0
874,686,,0.113924050633,0.113924050633,0.113924050633,0.113924050633
875,687,all-T,0.606557377049,0.606557377049,0.606557377049,0.606557377049
876,688,all-T,0.613924050633,0.613924050633,0.613924050633,0.613924050633
877,689,,0.396825396825,0.396825396825,0.396825396825,0.396825396825
878,690,all-E,0.123222748815,0.123222748815,0.123222748815,0.123222748815
879,691,all-E,0.0253164556962,0.0253164556962,0.0253164556962,0.0253164556962
880,692,all-E,0.100529100529,0.100529100529,0.100529100529,0.100529100529
881,693,all-T,0.0819672131148,0.0819672131148,0.0819672131148,0.0819672131148
882,694,all-E,0.0166666666667,0.0166666666667,0.0166666666667,0.0166666666667
883,695,all-E,0.22602739726,0.22602739726,0.22602739726,0.22602739726
884,696,all-E,0.123222748815,0.123222748815,0.123222748815,0.123222748815
885,697,,0.0737704918033,0.0737704918033,0.0737704918033,0.0737704918033
886,698,all-T,0.635071090047,0.635071090047,0.635071090047,0.635071090047
887,699,all-T,0.05,0.05,0.05,0.05
888,700,all-T,0.253164556962,0.253164556962,0.253164556962,0.253164556962
889,701,all-T,0.728476821192,0.728476821192,0.728476821192,0.728476821192
890,702,all-E,0.390728476821,0.390728476821,0.390728476821,0.390728476821
891,703,,0.522821576763,0.522821576763,0.522821576763,0.522821576763
892,704,all-G,0.240663900415,0.240663900415,0.240663900415,0.240663900415
893,705,all-G,0.319672131148,0.319672131148,0.319672131148,0.319672131148
894,706,all-G,0.35761589404,0.35761589404,0.35761589404,0.35761589404
895,707,all-G,0.486772486772,0.486772486772,0.486772486772,0.486772486772
896,708,all-B,0.151898734177,0.151898734177,0.151898734177,0.151898734177
897,709,,0.331753554502,0.331753554502,0.331753554502,0.331753554502
898,710,all-S,0.436708860759,0.436708860759,0.436708860759,0.436708860759
899,711,,0.284360189573,0.284360189573,0.284360189573,0.284360189573
900,712,all-G,0.633879781421,0.633879781421,0.633879781421,0.633879781421
901,713,all-E,0.0131004366812,0.0131004366812,0.0131004366812,0.0131004366812
902,714,all-E,0.0655737704918,0.0655737704918,0.0655737704918,0.0655737704918
903,715,all-S,0.03125,0.03125,0.03125,0.03125
904,716,all-S,0.622950819672,0.622950819672,0.622950819672,0.622950819672
905,717,all-S,0.973509933775,0.973509933775,0.973509933775,0.973509933775
906,718,,0.275132275132,0.275132275132,0.275132275132,0.275132275132
907,719,all-E,0.60663507109,0.60663507109,0.60663507109,0.60663507109
908,720,all-E,0.31693989071,0.31693989071,0.31693989071,0.31693989071
909,721,all-E,0.404371584699,0.404371584699,0.404371584699,0.404371584699
910,722,all-E,0.31746031746,0.31746031746,0.31746031746,0.31746031746
911,723,,0.275132275132,0.275132275132,0.275132275132,0.275132275132
912,724,,0.100529100529,0.229072497284,0.229072497284,0.35761589404
913,725,,0.100529100529,0.275132275132,0.244425756567,0.35761589404
914,804,all-E,0.300546448087,0.300546448087,0.300546448087,0.300546448087
915,805,,0.025,0.025,0.025,0.025
916,806,,0.36301369863,0.36301369863,0.36301369863,0.36301369863
917,807,all-B,0.278145695364,0.368930667587,0.368930667587,0.45971563981
918,808,all-S,0.419087136929,0.456379011503,0.456379011503,0.493670886076
919,809,all-S,0.49375,0.688655821918,0.688655821918,0.883561643836
920,810,all-T,0.672131147541,0.672131147541,0.672131147541,0.672131147541
921,811,all-T,0.0539419087137,0.363036528127,0.363036528127,0.672131147541
922,812,,0.174672489083,0.174672489083,0.174672489083,0.174672489083
923,813,,0.743169398907,0.754496091859,0.754496091859,0.76582278481
924,814,all-T,0.938388625592,0.938388625592,0.938388625592,0.938388625592
925,815,all-E,0.555555555556,0.555555555556,0.555555555556,0.555555555556
926,816,,0.183544303797,0.364996195615,0.364996195615,0.546448087432
927,817,all-S,0.445205479452,0.445205479452,0.445205479452,0.445205479452
928,818,all-E,0.729857819905,0.729857819905,0.729857819905,0.729857819905
929,819,all-E,0.575342465753,0.575342465753,0.575342465753,0.575342465753
930,820,all-E,0.398104265403,0.502369668246,0.502369668246,0.60663507109
931,821,,0.611764705882,0.611764705882,0.611764705882,0.611764705882
932,822,,1.19672131148,1.19672131148,1.19672131148,1.19672131148
933,823,,0.123552123552,0.123552123552,0.123552123552,0.123552123552
934,824,all-E,0.192139737991,0.192139737991,0.192139737991,0.192139737991
935,825,all-E,0.159340659341,0.159340659341,0.159340659341,0.159340659341
936,826,all-G,0.403973509934,0.621418034588,0.621418034588,0.838862559242
937,827,all-H,0.675496688742,0.675496688742,0.675496688742,0.675496688742
938,828,all-H,0.170124481328,0.170124481328,0.170124481328,0.170124481328
939,829,all-E,0.206422018349,0.206422018349,0.206422018349,0.206422018349
940,830,all-E,0.506849315068,0.506849315068,0.506849315068,0.506849315068
941,831,,0.609958506224,0.772151898734,0.772939755239,0.936708860759
942,832,all-E,0.261410788382,0.261410788382,0.261410788382,0.261410788382
943,833,all-E,0.05,0.05,0.05,0.05
944,834,all-E,0.0546448087432,0.245164728023,0.245164728023,0.435684647303
945,835,,0.370860927152,0.370860927152,0.370860927152,0.370860927152
946,836,,0.377049180328,0.377049180328,0.377049180328,0.377049180328
947,837,all-E,0.440758293839,0.440758293839,0.440758293839,0.440758293839
948,838,all-E,0.613756613757,0.672998525458,0.672998525458,0.732240437158
949,839,all-B,0.0634920634921,0.246935905164,0.246935905164,0.430379746835
950,840,all-H,0.366120218579,0.435837887067,0.435837887067,0.505555555556
951,841,,0.590163934426,0.590163934426,0.590163934426,0.590163934426
952,842,all-E,0.00873362445415,0.00873362445415,0.00873362445415,0.00873362445415
953,843,all-T,0.60663507109,0.60663507109,0.60663507109,0.60663507109
954,844,,0.359788359788,0.483211715439,0.483211715439,0.60663507109
955,845,all-T,0.543046357616,0.636452088761,0.636452088761,0.729857819905
956,846,all-H,0.0765027322404,0.121032823074,0.121032823074,0.165562913907
957,847,all-E,0.0529801324503,0.0529801324503,0.0529801324503,0.0529801324503
958,848,all-E,0.0529801324503,0.0529801324503,0.0529801324503,0.0529801324503
959,849,,0.234972677596,0.402254550718,0.402254550718,0.569536423841
960,850,all-E,0.150684931507,0.150684931507,0.150684931507,0.150684931507
961,851,all-E,0.119266055046,0.119266055046,0.119266055046,0.119266055046
962,852,all-E,0.0521327014218,0.0521327014218,0.0521327014218,0.0521327014218
963,853,all-E,0.131147540984,0.131147540984,0.131147540984,0.131147540984
964,854,all-E,0.199052132701,0.199052132701,0.199052132701,0.199052132701
965,855,all-E,0.0521327014218,0.125592417062,0.125592417062,0.199052132701
966,856,,0.11583011583,0.11583011583,0.11583011583,0.11583011583
967,857,,0.609271523179,0.609271523179,0.609271523179,0.609271523179
968,858,all-T,0.647540983607,0.647540983607,0.647540983607,0.647540983607
969,859,all-T,0.488151658768,0.488151658768,0.488151658768,0.488151658768
970,860,all-T,0.488151658768,0.548711590973,0.548711590973,0.609271523179
971,861,all-E,0.015873015873,0.015873015873,0.015873015873,0.015873015873
972,862,,0.843601895735,0.843601895735,0.843601895735,0.843601895735
973,863,all-E,0.464480874317,0.464480874317,0.464480874317,0.464480874317
974,864,all-E,0.030888030888,0.030888030888,0.030888030888,0.030888030888
975,865,all-E,0.31693989071,0.31693989071,0.31693989071,0.31693989071
976,866,all-E,0.021978021978,0.021978021978,0.021978021978,0.021978021978
977,867,all-E,0.0,0.0,0.0,0.0
978,868,all-E,0.0758293838863,0.0758293838863,0.0758293838863,0.0758293838863
979,869,all-E,0.0758293838863,0.0758293838863,0.0758293838863,0.0758293838863
980,870,all-T,0.00632911392405,0.00632911392405,0.00632911392405,0.00632911392405
981,871,all-E,0.239726027397,0.239726027397,0.239726027397,0.239726027397
982,872,all-E,0.507109004739,0.507109004739,0.507109004739,0.507109004739
983,873,all-E,0.119691119691,0.119691119691,0.119691119691,0.119691119691
984,878,all-E,0.11583011583,0.123488828407,0.123488828407,0.131147540984
985,879,,0.11583011583,0.11583011583,0.11583011583,0.11583011583
986,880,all-E,0.14375,0.14375,0.14375,0.14375
987,881,all-E,0.497816593886,0.497816593886,0.497816593886,0.497816593886
988,882,all-E,0.0,0.0,0.0,0.0
989,883,all-E,0.279475982533,0.279475982533,0.279475982533,0.279475982533
990,884,,0.251748251748,0.251748251748,0.251748251748,0.251748251748
991,885,all-E,0.0,0.0,0.0,0.0
992,886,all-E,0.0274725274725,0.0274725274725,0.0274725274725,0.0274725274725
993,887,all-S,0.211764705882,0.211764705882,0.211764705882,0.211764705882
994,888,all-E,0.0142857142857,0.114285714286,0.114285714286,0.214285714286
995,889,all-H,0.013698630137,0.013698630137,0.013698630137,0.013698630137
996,890,,0.013698630137,0.110060324243,0.110060324243,0.206422018349
997,891,,0.013698630137,0.0447640070116,0.0447640070116,0.0758293838863
998,892,,0.11583011583,0.362550819504,0.362550819504,0.609271523179
999,893,all-E,0.206422018349,0.407846770764,0.407846770764,0.609271523179
1000,894,all-E,0.0758293838863,0.342550453533,0.342550453533,0.609271523179
1001,895,all-E,0.0529801324503,0.331125827815,0.331125827815,0.609271523179
1002,896,all-H,0.013698630137,0.311485076658,0.311485076658,0.609271523179
1003,897,all-E,0.0758293838863,0.206422018349,0.297174308471,0.609271523179
1004,902,,0.0634920634921,0.0634920634921,0.0634920634921,0.0634920634921
1005,903,all-E,0.0573770491803,0.0573770491803,0.0573770491803,0.0573770491803
1006,904,,0.0,0.0,0.0,0.0
1007,905,all-H,0.165562913907,0.165562913907,0.165562913907,0.165562913907
1008,906,all-H,0.0765027322404,0.0765027322404,0.0765027322404,0.0765027322404
1009,907,all-H,0.0,0.0,0.0,0.0
1010,908,all-T,0.125,0.125,0.125,0.125
1011,909,all-S,0.359788359788,0.359788359788,0.359788359788,0.359788359788
1012,910,all-E,0.15,0.15,0.15,0.15
1013,911,all-H,0.366120218579,0.366120218579,0.366120218579,0.366120218579
1014,912,all-S,0.00684931506849,0.00684931506849,0.00684931506849,0.00684931506849
1015,913,all-B,0.430379746835,0.430379746835,0.430379746835,0.430379746835
1016,914,all-E,0.435684647303,0.435684647303,0.435684647303,0.435684647303
1017,915,all-E,0.0,0.0,0.0,0.0
1018,916,all-E,0.609958506224,0.609958506224,0.609958506224,0.609958506224
1019,917,all-T,0.772151898734,0.772151898734,0.772151898734,0.772151898734
1020,918,all-H,0.15,0.15,0.15,0.15
1021,919,all-H,0.0137614678899,0.0137614678899,0.0137614678899,0.0137614678899
1022,920,all-E,0.131004366812,0.131004366812,0.131004366812,0.131004366812
1023,921,,0.0375,0.0375,0.0375,0.0375
1024,922,,0.0539419087137,0.0539419087137,0.0539419087137,0.0539419087137
1025,923,all-S,0.883561643836,0.883561643836,0.883561643836,0.883561643836
1026,924,all-S,0.49375,0.49375,0.49375,0.49375
1027,925,all-S,0.493670886076,0.493670886076,0.493670886076,0.493670886076
1028,980,,0.161825726141,0.161825726141,0.161825726141,0.161825726141
1029,981,,0.0441176470588,0.0441176470588,0.0441176470588,0.0441176470588
1030,982,all-T,0.60663507109,0.60663507109,0.60663507109,0.60663507109
1031,983,all-S,0.388888888889,0.388888888889,0.388888888889,0.388888888889
1032,874,all-H,0.144104803493,0.144104803493,0.144104803493,0.144104803493
1033,875,all-H,0.0,0.0,0.0,0.0
1034,876,all-H,0.252293577982,0.252293577982,0.252293577982,0.252293577982
1035,877,,0.338888888889,0.338888888889,0.338888888889,0.338888888889
1036,926,all-H,0.0888888888889,0.0888888888889,0.0888888888889,0.0888888888889
1037,927,all-H,0.278481012658,0.278481012658,0.278481012658,0.278481012658
1038,928,all-H,0.252293577982,0.252293577982,0.252293577982,0.252293577982
1039,929,all-H,0.0,0.0,0.0,0.0
1040,930,all-H,0.298578199052,0.298578199052,0.298578199052,0.298578199052
1041,931,all-T,0.319587628866,0.319587628866,0.319587628866,0.319587628866
1042,932,,0.0786026200873,0.0786026200873,0.0786026200873,0.0786026200873
1043,933,all-E,0.100436681223,0.100436681223,0.100436681223,0.100436681223
1044,934,all-T,0.262008733624,0.262008733624,0.262008733624,0.262008733624
1045,935,all-S,0.123552123552,0.123552123552,0.123552123552,0.123552123552
1046,936,all-S,0.229508196721,0.229508196721,0.229508196721,0.229508196721
1047,937,all-T,0.321917808219,0.321917808219,0.321917808219,0.321917808219
1048,938,,0.131004366812,0.131004366812,0.131004366812,0.131004366812
1049,939,,0.034749034749,0.034749034749,0.034749034749,0.034749034749
1050,940,all-T,0.271523178808,0.271523178808,0.271523178808,0.271523178808
1051,941,,0.259493670886,0.259493670886,0.259493670886,0.259493670886
1052,942,all-E,0.139072847682,0.139072847682,0.139072847682,0.139072847682
1053,943,all-E,0.0,0.0,0.0,0.0
1054,944,all-E,0.178423236515,0.178423236515,0.178423236515,0.178423236515
1055,945,all-T,0.284768211921,0.284768211921,0.284768211921,0.284768211921
1056,946,all-T,0.117903930131,0.117903930131,0.117903930131,0.117903930131
1057,984,,0.0436681222707,0.0436681222707,0.0436681222707,0.0436681222707
1058,985,all-E,0.0524017467249,0.0524017467249,0.0524017467249,0.0524017467249
1059,986,all-S,0.031746031746,0.031746031746,0.031746031746,0.031746031746
1060,987,all-T,0.303797468354,0.303797468354,0.303797468354,0.303797468354
1061,988,all-S,0.045643153527,0.045643153527,0.045643153527,0.045643153527
1062,989,all-G,0.454976303318,0.454976303318,0.454976303318,0.454976303318
1063,990,,0.159793814433,0.159793814433,0.159793814433,0.159793814433
1064,991,,0.0331125827815,0.0331125827815,0.0331125827815,0.0331125827815
1065,992,all-S,0.197802197802,0.197802197802,0.197802197802,0.197802197802
1066,993,all-E,0.0,0.0218340611354,0.0218340611354,0.0436681222707
1067,994,,0.0524017467249,0.161962462766,0.161962462766,0.271523178808
1068,995,,0.031746031746,0.0854094397141,0.0854094397141,0.139072847682
1069,996,,0.100436681223,0.202117074789,0.202117074789,0.303797468354
1070,997,all-S,0.045643153527,0.0621228868072,0.0621228868072,0.0786026200873
1071,998,all-S,0.031746031746,0.145619851316,0.145619851316,0.259493670886
1072,999,all-S,0.031746031746,0.0332475332475,0.0332475332475,0.034749034749
1073,1000,all-T,0.159793814433,0.222281013177,0.222281013177,0.284768211921
1074,1001,all-T,0.0331125827815,0.158940397351,0.158940397351,0.284768211921
1075,1002,all-E,0.100436681223,0.130115247828,0.130115247828,0.159793814433
1076,1003,all-T,0.284768211921,0.294282840137,0.294282840137,0.303797468354
1077,1004,all-T,0.259493670886,0.28164556962,0.28164556962,0.303797468354
1078,1005,,0.159793814433,0.20964374266,0.20964374266,0.259493670886
1079,947,all-T,0.237113402062,0.237113402062,0.237113402062,0.237113402062
1080,948,,0.0349344978166,0.0349344978166,0.0349344978166,0.0349344978166
1081,949,all-E,0.126637554585,0.126637554585,0.126637554585,0.126637554585
1082,950,all-T,0.135371179039,0.135371179039,0.135371179039,0.135371179039
1083,951,all-S,0.150579150579,0.150579150579,0.150579150579,0.150579150579
1084,952,all-S,0.303278688525,0.303278688525,0.303278688525,0.303278688525
1085,953,all-T,0.534246575342,0.534246575342,0.534246575342,0.534246575342
1086,954,all-S,0.139737991266,0.139737991266,0.139737991266,0.139737991266
1087,955,,0.0540540540541,0.0540540540541,0.0540540540541,0.0540540540541
1088,956,all-T,0.516556291391,0.516556291391,0.516556291391,0.516556291391
1089,957,,0.639240506329,0.639240506329,0.639240506329,0.639240506329
1090,958,all-E,0.324503311258,0.324503311258,0.324503311258,0.324503311258
1091,959,all-E,0.0327868852459,0.0327868852459,0.0327868852459,0.0327868852459
1092,960,all-S,0.224066390041,0.224066390041,0.224066390041,0.224066390041
1093,961,all-S,0.218543046358,0.218543046358,0.218543046358,0.218543046358
1094,962,all-S,0.0436681222707,0.0436681222707,0.0436681222707,0.0436681222707
1095,979,all-T,0.135371179039,0.135371179039,0.135371179039,0.135371179039
1096,1163,all-T,0.23178807947,0.23178807947,0.23178807947,0.23178807947
1097,1164,all-T,0.183544303797,0.183544303797,0.183544303797,0.183544303797
1098,1165,all-B,0.0305676855895,0.0305676855895,0.0305676855895,0.0305676855895
1099,1166,,0.0327868852459,0.0327868852459,0.0327868852459,0.0327868852459
1100,1167,all-T,0.236966824645,0.236966824645,0.236966824645,0.236966824645
1101,1168,all-S,0.219178082192,0.219178082192,0.219178082192,0.219178082192
1102,1169,,0.218543046358,0.218543046358,0.218543046358,0.218543046358
1103,1170,all-G,0.01875,0.01875,0.01875,0.01875
1104,1171,all-G,0.00529100529101,0.00529100529101,0.00529100529101,0.00529100529101
1105,1172,all-T,0.0274725274725,0.0274725274725,0.0274725274725,0.0274725274725
1106,1173,all-T,0.278008298755,0.278008298755,0.278008298755,0.278008298755
1107,1174,,0.366666666667,0.366666666667,0.366666666667,0.366666666667
1108,1175,all-G,0.00529100529101,0.0201127515538,0.0201127515538,0.0349344978166
1109,1176,all-T,0.0274725274725,0.0312035126446,0.0312035126446,0.0349344978166
1110,1177,all-T,0.135371179039,0.183579629255,0.183579629255,0.23178807947
1111,1178,all-T,0.135371179039,0.176957112698,0.176957112698,0.218543046358
1112,1179,,0.00529100529101,0.0779350779351,0.0779350779351,0.150579150579
1113,1180,,0.0274725274725,0.0890258390258,0.0890258390258,0.150579150579
1114,1181,,0.150579150579,0.214293724667,0.214293724667,0.278008298755
1115,1182,all-S,0.150579150579,0.258622908623,0.258622908623,0.366666666667
1116,1183,,0.139737991266,0.188352407955,0.188352407955,0.236966824645
1117,1184,,0.0540540540541,0.136298550206,0.136298550206,0.218543046358
1118,1185,,0.219178082192,0.367867186791,0.367867186791,0.516556291391
1119,1186,all-S,0.0327868852459,0.125664965802,0.125664965802,0.218543046358
1120,1187,all-S,0.0436681222707,0.131105584314,0.131105584314,0.218543046358
1121,1188,,0.01875,0.0312090611354,0.0312090611354,0.0436681222707
1122,1006,,0.0833333333333,0.0833333333333,0.0833333333333,0.0833333333333
1123,1007,,0.0833333333333,0.0833333333333,0.0833333333333,0.0833333333333
1124,1008,,0.0833333333333,0.0833333333333,0.0833333333333,0.0833333333333
1125,1009,,0.0833333333333,0.0833333333333,0.0833333333333,0.0833333333333
1126,1010,,0.0833333333333,0.0833333333333,0.0833333333333,0.0833333333333
1127,1011,,0.0833333333333,0.0833333333333,0.0833333333333,0.0833333333333
1128,1012,,0.0111111111111,0.0111111111111,0.0111111111111,0.0111111111111
1129,1013,,0.0111111111111,0.0111111111111,0.0111111111111,0.0111111111111
1130,1014,,0.0111111111111,0.0111111111111,0.0111111111111,0.0111111111111
1131,1015,,0.0111111111111,0.0111111111111,0.0111111111111,0.0111111111111
1132,1016,,0.0111111111111,0.0111111111111,0.0111111111111,0.0111111111111
1133,1017,,0.0111111111111,0.0111111111111,0.0111111111111,0.0111111111111
1134,1018,all-H,0.203296703297,0.203296703297,0.203296703297,0.203296703297
1135,1019,all-H,0.203296703297,0.203296703297,0.203296703297,0.203296703297
1136,1020,all-H,0.0890410958904,0.0890410958904,0.0890410958904,0.0890410958904
1137,1021,all-H,0.0890410958904,0.0890410958904,0.0890410958904,0.0890410958904
1138,1022,all-H,0.275132275132,0.275132275132,0.275132275132,0.275132275132
1139,1023,all-H,0.275132275132,0.275132275132,0.275132275132,0.275132275132
1140,1024,all-H,0.0,0.0,0.0,0.0
1141,1025,all-H,0.148351648352,0.148351648352,0.148351648352,0.148351648352
1142,1026,all-H,0.203791469194,0.203791469194,0.203791469194,0.203791469194
1143,1027,all-H,0.203791469194,0.203791469194,0.203791469194,0.203791469194
1144,1028,all-H,0.013698630137,0.013698630137,0.013698630137,0.013698630137
1145,1029,all-H,0.013698630137,0.013698630137,0.013698630137,0.013698630137
1146,1030,all-H,0.443037974684,0.443037974684,0.443037974684,0.443037974684
1147,1031,all-H,0.443037974684,0.443037974684,0.443037974684,0.443037974684
1148,1032,all-H,0.450819672131,0.450819672131,0.450819672131,0.450819672131
1149,1033,all-H,0.450819672131,0.450819672131,0.450819672131,0.450819672131
1150,1034,all-T,0.781420765027,0.781420765027,0.781420765027,0.781420765027
1151,1035,all-T,0.781420765027,0.781420765027,0.781420765027,0.781420765027
1152,1036,all-H,0.0954356846473,0.0954356846473,0.0954356846473,0.0954356846473
1153,1037,all-H,0.502369668246,0.502369668246,0.502369668246,0.502369668246
1154,1038,all-H,0.502369668246,0.502369668246,0.502369668246,0.502369668246
1155,1039,all-H,0.232804232804,0.232804232804,0.232804232804,0.232804232804
1156,1040,all-H,0.232804232804,0.232804232804,0.232804232804,0.232804232804
1157,1041,all-H,0.278008298755,0.278008298755,0.278008298755,0.278008298755
1158,1042,all-H,0.278008298755,0.278008298755,0.278008298755,0.278008298755
1159,1043,all-H,0.0412844036697,0.0412844036697,0.0412844036697,0.0412844036697
1160,1044,all-H,0.0412844036697,0.0412844036697,0.0412844036697,0.0412844036697
1161,1045,all-H,0.203791469194,0.203791469194,0.203791469194,0.203791469194
1162,1046,all-H,0.203791469194,0.203791469194,0.203791469194,0.203791469194
1163,1047,all-H,0.0248962655602,0.0248962655602,0.0248962655602,0.0248962655602
1164,1048,all-H,0.0248962655602,0.0248962655602,0.0248962655602,0.0248962655602
1165,1049,all-H,0.112033195021,0.112033195021,0.112033195021,0.112033195021
1166,1050,all-H,0.112033195021,0.112033195021,0.112033195021,0.112033195021
1167,1051,all-H,0.0,0.0,0.0,0.0
1168,1052,all-H,0.135135135135,0.135135135135,0.135135135135,0.135135135135
1169,1053,all-H,0.135135135135,0.135135135135,0.135135135135,0.135135135135
1170,1064,all-G,0.540983606557,0.540983606557,0.540983606557,0.540983606557
1171,1065,all-H,0.639344262295,0.639344262295,0.639344262295,0.639344262295
1172,1066,all-T,0.426229508197,0.426229508197,0.426229508197,0.426229508197
1173,1067,all-S,0.318584070796,0.318584070796,0.318584070796,0.318584070796
1174,1068,all-T,0.112582781457,0.112582781457,0.112582781457,0.112582781457
1175,1069,all-G,0.584699453552,0.584699453552,0.584699453552,0.584699453552
1176,1070,,0.475524475524,0.475524475524,0.475524475524,0.475524475524
1177,1071,,0.225,0.225,0.225,0.225
1178,1072,,0.515463917526,0.515463917526,0.515463917526,0.515463917526
1179,1073,,0.515463917526,0.515463917526,0.515463917526,0.515463917526
1180,1074,,0.515463917526,0.515463917526,0.515463917526,0.515463917526
1181,1075,,0.0884955752212,0.0884955752212,0.0884955752212,0.0884955752212
1182,1076,,0.0884955752212,0.0884955752212,0.0884955752212,0.0884955752212
1183,1077,all-S,0.152941176471,0.152941176471,0.152941176471,0.152941176471
1184,1078,all-S,0.152941176471,0.152941176471,0.152941176471,0.152941176471
1185,1079,,0.0,0.0,0.0,0.0
1186,1080,,0.351648351648,0.351648351648,0.351648351648,0.351648351648
1187,1081,,0.351648351648,0.351648351648,0.351648351648,0.351648351648
1188,1082,,0.12389380531,0.12389380531,0.12389380531,0.12389380531
1189,1083,,0.12389380531,0.12389380531,0.12389380531,0.12389380531
1190,1084,all-T,0.538461538462,0.538461538462,0.538461538462,0.538461538462
1191,1085,all-S,0.240506329114,0.240506329114,0.240506329114,0.240506329114
1192,1086,,0.489010989011,0.489010989011,0.489010989011,0.489010989011
1193,1087,all-E,0.483443708609,0.483443708609,0.483443708609,0.483443708609
1194,1088,all-E,0.578431372549,0.578431372549,0.578431372549,0.578431372549
1195,1089,all-T,0.75355450237,0.75355450237,0.75355450237,0.75355450237
1196,1090,,0.444444444444,0.444444444444,0.444444444444,0.444444444444
1197,1137,,0.185430463576,0.35811807539,0.35811807539,0.530805687204
1198,1138,all-E,0.0436681222707,0.0436681222707,0.0436681222707,0.0436681222707
1199,1139,all-E,0.161137440758,0.272511848341,0.272511848341,0.383886255924
1200,1140,all-E,0.0342465753425,0.0342465753425,0.0342465753425,0.0342465753425
1201,1141,all-E,0.0479452054795,0.0479452054795,0.0479452054795,0.0479452054795
1202,1142,all-E,0.438888888889,0.438888888889,0.438888888889,0.438888888889
1203,1143,all-E,0.417218543046,0.417218543046,0.417218543046,0.417218543046
1204,1144,all-S,0.671232876712,0.671232876712,0.671232876712,0.671232876712
1205,1145,all-S,0.4625,0.4625,0.4625,0.4625
1206,1146,all-S,0.348101265823,0.348101265823,0.348101265823,0.348101265823
1207,1147,,0.102739726027,0.102739726027,0.102739726027,0.102739726027
1208,1148,all-H,0.248908296943,0.248908296943,0.248908296943,0.248908296943
1209,1149,,0.139240506329,0.139240506329,0.139240506329,0.139240506329
1210,1150,,0.0305676855895,0.0305676855895,0.0305676855895,0.0305676855895
1211,1151,all-T,0.125,0.125,0.125,0.125
1212,1152,,0.0331753554502,0.0331753554502,0.0331753554502,0.0331753554502
1213,1153,all-S,0.45871559633,0.45871559633,0.45871559633,0.45871559633
1214,1157,all-E,0.0397350993377,0.0397350993377,0.0397350993377,0.0397350993377
1215,1158,all-E,0.0397350993377,0.0397350993377,0.0397350993377,0.0397350993377
1216,1159,all-T,0.331877729258,0.331877729258,0.331877729258,0.331877729258
1217,1160,all-S,0.0262008733624,0.0262008733624,0.0262008733624,0.0262008733624
1218,1161,,0.0960698689956,0.0960698689956,0.0960698689956,0.0960698689956
1219,1162,all-S,0.15,0.15,0.15,0.15
1220,1189,all-G,0.189873417722,0.189873417722,0.189873417722,0.189873417722
1221,1190,all-S,0.0218579234973,0.0218579234973,0.0218579234973,0.0218579234973
1222,1191,all-S,0.0132450331126,0.0132450331126,0.0132450331126,0.0132450331126
1223,1192,all-T,0.0569620253165,0.0569620253165,0.0569620253165,0.0569620253165
1224,1233,,0.0506329113924,0.0506329113924,0.0506329113924,0.0506329113924
1225,1234,,0.0506329113924,0.0506329113924,0.0506329113924,0.0506329113924
1226,1235,,0.0573770491803,0.0573770491803,0.0573770491803,0.0573770491803
1227,1236,,0.0573770491803,0.0573770491803,0.0573770491803,0.0573770491803
1228,1237,all-E,0.301369863014,0.301369863014,0.301369863014,0.301369863014
1229,1238,all-S,0.0569620253165,0.0569620253165,0.0569620253165,0.0569620253165
1230,1239,all-T,0.102739726027,0.102739726027,0.102739726027,0.102739726027
1231,1240,all-T,0.102739726027,0.102739726027,0.102739726027,0.102739726027
1232,1241,all-T,0.102739726027,0.102739726027,0.102739726027,0.102739726027
1233,1242,,0.630136986301,0.630136986301,0.630136986301,0.630136986301
1234,1243,all-B,0.696682464455,0.696682464455,0.696682464455,0.696682464455
1235,1244,all-E,0.0573770491803,0.179373456097,0.179373456097,0.301369863014
1236,1245,all-S,0.0506329113924,0.0537974683544,0.0537974683544,0.0569620253165
1237,1246,,0.0506329113924,0.0571695372484,0.116585462226,0.301369863014
1238,1247,,0.0569620253165,0.0573770491803,0.138569645837,0.301369863014
1239,1248,,0.0569620253165,0.179373456097,0.261461480953,0.630136986301
