,DataSetID,abs_error,total,ExperimentalDDG,ID,UserPPDataSetExperimentID
0,793,0.0,0.0,0.0,156812,793
1,790,0.0,0.0,0.0,156809,790
2,428,0.0017,0.0017,0.0,156451,428
3,829,0.0017,1.2883,1.29,156848,829
4,587,0.0025,0.0782,0.0807,156606,587
5,633,0.0041,-0.0041,0.0,156652,633
6,801,0.0045,-0.0958,-0.1003,156820,801
7,698,0.0047,0.0427,0.0474,156717,698
8,737,0.0049,0.0463,0.0512,156756,737
9,639,0.0056,-0.0568,-0.0624,156658,639
10,675,0.006,0.006,0.0,156694,675
11,254,0.0061,0.0939,0.1,156277,254
12,740,0.0065,0.1935,0.2,156759,740
13,535,0.0073,0.0073,0.0,156558,535
14,614,0.0092,0.111,0.1202,156633,614
15,770,0.0094,0.3094,0.3,156789,770
16,684,0.0102,0.2926,0.2824,156703,684
17,497,0.0104,0.0159,0.0263,156520,497
18,687,0.0106,0.0946,0.1052,156706,687
19,1055,0.0107,0.312,0.3013,157074,1055
20,463,0.0116,0.101,0.0894,156486,463
21,651,0.0122,0.0575,0.0697,156670,651
22,910,0.0131,-0.0729,-0.0598,156929,910
23,596,0.0132,1.2478,1.261,156615,596
24,866,0.0135,0.6635,0.65,156885,866
25,436,0.0138,0.0138,0.0,156459,436
26,671,0.014,-0.0027,-0.0167,156690,671
27,734,0.0142,0.0857,0.0999,156753,734
28,928,0.0156,0.0782,0.0626,156947,928
29,104,0.017,0.1018,0.1188,156129,104
30,715,0.0177,-0.052,-0.0697,156734,715
31,1030,0.0181,-0.0505,-0.0324,157049,1030
32,810,0.0185,-0.0185,0.0,156829,810
33,330,0.0196,0.7948,0.8144,156353,330
34,637,0.0198,0.2191,0.1993,156656,637
35,876,0.0217,0.0217,0.0,156895,876
36,600,0.0219,0.183,0.1611,156619,600
37,863,0.0223,0.1273,0.105,156882,863
38,483,0.0233,0.7966,0.7733,156506,483
39,903,0.0237,-0.1534,-0.1297,156922,903
40,434,0.0237,-0.0237,0.0,156457,434
41,623,0.0237,-0.0554,-0.0791,156642,623
42,407,0.024,0.024,0.0,156430,407
43,983,0.0245,0.0513,0.0268,157002,983
44,767,0.0255,1.1745,1.2,156786,767
45,641,0.0268,-0.2172,-0.1904,156660,641
46,416,0.0268,0.0268,0.0,156439,416
47,229,0.027,-0.2236,-0.2506,156252,229
48,257,0.0271,-0.9271,-0.9,156280,257
49,570,0.0282,1.1282,1.1,156589,570
50,626,0.0283,0.1494,0.1777,156645,626
51,686,0.0287,0.1991,0.1704,156705,686
52,589,0.0298,0.6804,0.6506,156608,589
53,1163,0.0311,0.3712,0.3401,157180,1163
54,912,0.0313,-0.0285,-0.0598,156931,912
55,907,0.0316,-0.0316,0.0,156926,907
56,679,0.0317,0.015,-0.0167,156698,679
57,662,0.0319,-0.2129,-0.181,156681,662
58,389,0.0335,4.5507,4.5172,156412,389
59,571,0.0345,-0.2345,-0.2,156590,571
60,1102,0.036,0.1755,0.1395,157121,1102
61,709,0.0361,0.0194,-0.0167,156728,709
62,886,0.0364,-0.0952,-0.1316,156905,886
63,62,0.0379,2.4707,2.5086,156087,62
64,871,0.0381,0.1581,0.12,156890,871
65,660,0.0387,0.0237,-0.015,156679,660
66,1122,0.0389,-0.0317,0.0072,157141,1122
67,816,0.0389,0.0189,-0.02,156835,816
68,650,0.04,-0.055,-0.015,156669,650
69,670,0.0405,0.0219,0.0624,156689,670
70,827,0.0405,0.0305,-0.01,156846,827
71,798,0.0412,0.0412,0.0,156817,798
72,155,0.0413,0.0413,0.0,156180,155
73,825,0.0415,0.1385,0.18,156844,825
74,439,0.0422,0.0422,0.0,156462,439
75,411,0.0423,0.0423,0.0,156434,411
76,417,0.0432,0.0432,0.0,156440,417
77,477,0.0433,-0.0017,-0.045,156500,477
78,113,0.0434,0.8886,0.8452,156138,113
79,1189,0.0435,-0.0435,0.0,157206,1189
80,797,0.0442,-0.0267,0.0175,156816,797
81,1064,0.0449,0.0609,0.016,157083,1064
82,874,0.045,0.3655,0.4105,156893,874
83,322,0.0467,0.2797,0.3264,156345,322
84,1049,0.0473,2.8755,2.8282,157068,1049
85,176,0.0474,0.9362,0.8888,156201,176
86,748,0.0475,0.0475,0.0,156767,748
87,921,0.0505,0.0593,0.1098,156940,921
88,919,0.0513,-0.0085,-0.0598,156938,919
89,326,0.053,3.983,4.036,156349,326
90,953,0.0531,-0.0027,-0.0558,156972,953
91,438,0.0536,-0.0536,0.0,156461,438
92,789,0.0538,0.0538,0.0,156808,789
93,1033,0.0539,-0.0481,-0.102,157052,1033
94,346,0.0548,0.485,0.4302,156369,346
95,830,0.0548,-0.0648,-0.01,156849,830
96,817,0.0557,0.0357,-0.02,156836,817
97,1025,0.0559,0.0136,0.0695,157044,1025
98,485,0.0581,0.027,0.0851,156508,485
99,405,0.0589,0.0589,0.0,156428,405
100,1096,0.0594,0.1301,0.0707,157115,1096
101,678,0.0595,0.0595,0.0,156697,678
102,664,0.0602,0.1923,0.1321,156683,664
103,15,0.0606,8.5862,8.5256,156040,15
104,1022,0.0609,-0.0819,-0.021,157041,1022
105,703,0.0609,0.0712,0.1321,156722,703
106,913,0.061,0.061,0.0,156932,913
107,1091,0.0615,-0.0871,-0.0256,157110,1091
108,846,0.0622,0.2478,0.31,156865,846
109,2,0.0626,4.7562,4.6936,156027,2
110,877,0.0626,0.0626,0.0,156896,877
111,317,0.0636,2.6014,2.5378,156340,317
112,837,0.0639,-0.0561,-0.12,156856,837
113,719,0.0641,-0.0167,0.0474,156738,719
114,1196,0.0657,0.0657,0.0,157213,1196
115,838,0.066,-0.033,0.033,156857,838
116,815,0.0663,0.0137,0.08,156834,815
117,1039,0.0672,0.0584,0.1256,157058,1039
118,480,0.0672,-0.0482,0.019,156503,480
119,478,0.0679,-0.1129,-0.045,156501,478
120,944,0.069,1.9436,1.8746,156963,944
121,721,0.0691,0.0853,0.0162,156740,721
122,1040,0.0694,0.3158,0.2464,157059,1040
123,1203,0.0698,-0.0302,-0.1,157220,1203
124,909,0.0706,0.0706,0.0,156928,909
125,717,0.071,0.0013,-0.0697,156736,717
126,708,0.0725,0.0387,-0.0338,156727,708
127,814,0.0739,0.0939,0.02,156833,814
128,835,0.0748,-0.0948,-0.02,156854,835
129,475,0.0751,0.3473,0.4224,156498,475
130,674,0.0754,-0.0754,0.0,156693,674
131,831,0.0762,0.2862,0.21,156850,831
132,1094,0.0765,0.0672,0.1437,157113,1094
133,1090,0.0775,-0.0477,-0.1252,157109,1090
134,636,0.0777,0.0315,-0.0462,156655,636
135,609,0.078,0.1621,0.2401,156628,609
136,409,0.0784,-0.0784,0.0,156432,409
137,739,0.079,0.0312,0.1102,156758,739
138,414,0.0791,-0.0791,0.0,156437,414
139,586,0.0802,-0.0363,0.0439,156605,586
140,86,0.0802,1.0052,0.925,156111,86
141,1035,0.0807,-0.0345,-0.1152,157054,1035
142,1075,0.0823,0.5168,0.5991,157094,1075
143,470,0.0826,-0.0059,-0.0885,156493,470
144,521,0.0829,0.042,-0.0409,156544,521
145,165,0.0829,1.5798,1.4969,156190,165
146,655,0.0831,0.1201,0.2032,156674,655
147,901,0.0832,-0.0585,0.0247,156920,901
148,1095,0.0856,0.014,0.0996,157114,1095
149,403,0.0862,0.0862,0.0,156426,403
150,917,0.0867,-0.0867,0.0,156936,917
151,990,0.0871,1.7735,1.8606,157009,990
152,638,0.0874,0.0083,-0.0791,156657,638
153,747,0.0875,-0.1125,-0.2,156766,747
154,644,0.0888,0.0192,0.108,156663,644
155,56,0.0896,1.9385,1.8489,156081,56
156,858,0.0906,-0.1606,-0.07,156877,858
157,238,0.0908,-0.0092,-0.1,156261,238
158,691,0.0916,0.3738,0.4654,156710,691
159,92,0.0917,0.0491,-0.0426,156117,92
160,504,0.0917,0.2299,0.1382,156527,504
161,50,0.0918,-0.0918,0.0,156075,50
162,624,0.0925,0.2364,0.1439,156643,624
163,732,0.0928,-0.1329,-0.0401,156751,732
164,226,0.0929,2.2141,2.307,156249,226
165,522,0.0939,0.01,-0.0839,156545,522
166,1243,0.094,-0.074,0.02,157260,1243
167,318,0.0942,1.7299,1.8241,156341,318
168,689,0.0967,0.0085,0.1052,156708,689
169,726,0.0975,0.0475,-0.05,156745,726
170,654,0.0981,0.0981,0.0,156673,654
171,179,0.0985,0.3894,0.2909,156204,179
172,1021,0.0985,1.2952,1.3937,157040,1021
173,843,0.0988,0.0288,-0.07,156862,843
174,702,0.0992,0.0295,-0.0697,156721,702
175,486,0.0997,0.0334,0.1331,156509,486
176,58,0.1002,1.5866,1.6868,156083,58
177,469,0.101,0.0432,0.1442,156492,469
178,1032,0.1014,-0.0811,-0.1825,157051,1032
179,677,0.1038,-0.0242,-0.128,156696,677
180,1160,0.1039,0.3961,0.5,157177,1160
181,673,0.1058,-0.0006,0.1052,156692,673
182,494,0.1068,0.5989,0.7057,156517,494
183,1050,0.1078,3.8616,3.7538,157069,1050
184,885,0.1081,-0.0235,-0.1316,156904,885
185,262,0.1085,2.1234,2.2319,156285,262
186,978,0.1089,0.0325,0.1414,156997,978
187,828,0.1092,0.1092,0.0,156847,828
188,435,0.1095,0.1095,0.0,156458,435
189,456,0.1097,0.1983,0.308,156479,456
190,826,0.1119,0.0119,-0.1,156845,826
191,90,0.1129,2.3315,2.4444,156115,90
192,74,0.1136,0.0828,0.1964,156099,74
193,193,0.114,0.8721,0.7581,156218,193
194,923,0.1154,-0.0056,0.1098,156942,923
195,887,0.1159,-0.0486,0.0673,156906,887
196,1027,0.1163,0.0246,0.1409,157046,1027
197,564,0.1166,-0.0166,0.1,156587,564
198,693,0.117,-0.117,0.0,156712,693
199,853,0.1175,-0.0141,-0.1316,156872,853
200,573,0.1179,-0.0821,-0.2,156592,573
201,1092,0.118,0.0924,-0.0256,157111,1092
202,410,0.1189,0.1189,0.0,156433,410
203,105,0.1191,0.1191,0.0,156130,105
204,818,0.1198,0.0002,0.12,156837,818
205,608,0.1198,0.1699,0.0501,156627,608
206,1194,0.1198,-1.0198,-0.9,157211,1194
207,188,0.1204,0.0755,0.1959,156213,188
208,924,0.1206,-0.0108,0.1098,156943,924
209,722,0.1208,0.0128,-0.108,156741,722
210,680,0.1216,-0.0064,-0.128,156699,680
211,754,0.1225,-0.0775,-0.2,156773,754
212,467,0.1242,-0.0088,-0.133,156490,467
213,1223,0.1253,0.1253,0.0,157240,1223
214,187,0.1254,0.5338,0.6592,156212,187
215,144,0.1265,-0.5241,-0.6506,156169,144
216,761,0.1273,0.3273,0.2,156780,761
217,744,0.1273,0.0773,-0.05,156763,744
218,250,0.1283,-0.0717,-0.2,156273,250
219,710,0.1303,0.0223,-0.108,156729,710
220,982,0.1314,-0.0539,-0.1853,157001,982
221,878,0.132,1.4086,1.5406,156897,878
222,820,0.1328,-0.0972,-0.23,156839,820
223,35,0.1333,-0.1972,-0.0639,156060,35
224,406,0.1356,-0.1356,0.0,156429,406
225,459,0.1371,0.1175,0.2546,156482,459
226,795,0.1391,1.3457,1.4848,156814,795
227,1226,0.14,1.3806,1.2406,157243,1226
228,942,0.1403,1.7403,1.6,156961,942
229,807,0.1421,-0.1021,0.04,156826,807
230,419,0.1422,-0.1422,0.0,156442,419
231,1225,0.1422,1.2392,1.097,157242,1225
232,166,0.1423,1.1627,1.0204,156191,166
233,947,0.1435,0.7014,0.8449,156966,947
234,925,0.1439,-0.1439,0.0,156944,925
235,385,0.144,1.9593,2.1033,156408,385
236,120,0.1447,1.1843,1.329,156145,120
237,1105,0.1453,0.028,0.1733,157124,1105
238,1242,0.1456,-0.0044,-0.15,157259,1242
239,916,0.1468,0.087,-0.0598,156935,916
240,1168,0.1485,0.6166,0.7651,157185,1168
241,1134,0.1486,0.1293,0.2779,157153,1134
242,558,0.1488,-0.0512,-0.2,156581,558
243,1119,0.1493,0.0636,0.2129,157138,1119
244,352,0.1511,0.0794,-0.0717,156375,352
245,657,0.1534,-0.1017,-0.2551,156676,657
246,865,0.1535,0.8135,0.66,156884,865
247,720,0.1536,0.0256,-0.128,156739,720
248,769,0.1538,0.5538,0.4,156788,769
249,506,0.1541,0.0025,-0.1516,156529,506
250,1230,0.1552,4.0783,4.2335,157247,1230
251,632,0.1577,-0.2368,-0.0791,156651,632
252,1174,0.1608,0.0107,0.1715,157191,1174
253,716,0.1615,0.0563,0.2178,156735,716
254,806,0.163,-0.023,0.14,156825,806
255,135,0.1633,-0.4748,-0.3115,156160,135
256,911,0.1638,0.104,-0.0598,156930,911
257,495,0.1643,0.0706,-0.0937,156518,495
258,145,0.165,0.5503,0.3853,156170,145
259,152,0.1683,2.0229,1.8546,156177,152
260,908,0.1684,0.1684,0.0,156927,908
261,515,0.1701,0.0049,0.175,156538,515
262,523,0.1703,0.0667,-0.1036,156546,523
263,447,0.1709,-0.0234,-0.1943,156470,447
264,681,0.1713,0.0688,0.2401,156700,681
265,603,0.1727,0.0503,0.223,156622,603
266,1228,0.1728,0.494,0.6668,157245,1228
267,688,0.1741,0.0085,0.1826,156707,688
268,481,0.1749,0.0157,-0.1592,156504,481
269,132,0.1751,-0.0853,0.0898,156157,132
270,461,0.1754,0.1311,0.3065,156484,461
271,479,0.1756,0.104,-0.0716,156502,479
272,872,0.1759,-0.2141,-0.39,156891,872
273,1159,0.1776,1.3224,1.5,157176,1159
274,223,0.1796,-1.0726,-1.2522,156248,223
275,926,0.1802,1.0011,0.8209,156945,926
276,918,0.1818,0.0177,0.1995,156937,918
277,1109,0.183,0.0369,0.2199,157128,1109
278,751,0.1832,0.1332,-0.05,156770,751
279,707,0.1833,0.2592,0.4425,156726,707
280,755,0.185,0.0062,0.1912,156774,755
281,611,0.1852,0.3949,0.2097,156630,611
282,914,0.1852,0.1852,0.0,156933,914
283,26,0.1866,0.0535,0.2401,156051,26
284,546,0.1868,0.6868,0.5,156569,546
285,503,0.1879,0.0317,0.2196,156526,503
286,408,0.1884,0.1884,0.0,156431,408
287,54,0.1918,1.0734,1.2652,156079,54
288,1164,0.192,0.2041,0.3961,157181,1164
289,412,0.1935,-0.1935,0.0,156435,412
290,1089,0.194,0.0074,-0.1866,157108,1089
291,422,0.1947,3.896,4.0907,156445,422
292,981,0.1949,0.9337,0.7388,157000,981
293,870,0.197,-0.017,0.18,156889,870
294,920,0.1975,0.1975,0.0,156939,920
295,304,0.1987,5.6295,5.8282,156327,304
296,263,0.1996,1.2268,1.0272,156286,263
297,976,0.1996,0.6131,0.8127,156995,976
298,735,0.2005,-0.0508,0.1497,156754,735
299,612,0.2017,0.1125,0.3142,156631,612
300,196,0.2025,0.4474,0.6499,156221,196
301,45,0.2031,-0.0427,-0.2458,156070,45
302,711,0.204,-0.0461,0.1579,156730,711
303,787,0.2051,1.0051,0.8,156806,787
304,819,0.2058,0.0042,0.21,156838,819
305,648,0.2058,-0.0065,0.1993,156667,648
306,473,0.2062,-0.2062,0.0,156496,473
307,1140,0.2065,0.1324,-0.0741,157157,1140
308,867,0.2069,0.0469,-0.16,156886,867
309,809,0.2092,0.0492,-0.16,156828,809
310,1098,0.2097,-0.0039,-0.2136,157117,1098
311,454,0.2127,0.063,-0.1497,156477,454
312,239,0.2132,-0.2132,0.0,156262,239
313,93,0.2149,0.1693,-0.0456,156118,93
314,1177,0.2181,1.0478,1.2659,157194,1177
315,437,0.2188,-0.2188,0.0,156460,437
316,98,0.2195,1.5134,1.2939,156123,98
317,1024,0.2197,3.3323,3.1126,157043,1024
318,892,0.2197,1.3475,1.5672,156911,892
319,1068,0.2203,0.6778,0.8981,157087,1068
320,585,0.2213,8.6213,8.4,156604,585
321,1118,0.2226,0.0823,0.3049,157137,1118
322,762,0.2228,0.0228,-0.2,156781,762
323,491,0.2232,0.1885,-0.0347,156514,491
324,847,0.2238,1.6038,1.38,156866,847
325,23,0.2248,1.9248,2.1496,156048,23
326,773,0.2249,-0.1249,0.1,156792,773
327,1154,0.2268,-0.1916,0.0352,157171,1154
328,706,0.227,-0.0922,-0.3192,156725,706
329,21,0.2302,8.8867,9.1169,156046,21
330,1213,0.2307,3.8857,3.655,157230,1213
331,524,0.2311,0.4991,0.7302,156547,524
332,243,0.2311,-0.0311,0.2,156266,243
333,100,0.2312,-0.0354,0.1958,156125,100
334,972,0.2341,-0.0927,0.1414,156991,972
335,900,0.2349,0.5137,0.7486,156919,900
336,325,0.2361,0.4525,0.2164,156348,325
337,448,0.2374,0.0658,-0.1716,156471,448
338,599,0.2374,0.0592,-0.1782,156618,599
339,508,0.2376,0.0158,0.2534,156531,508
340,592,0.2379,0.2984,0.5363,156611,592
341,880,0.2379,0.0447,-0.1932,156899,880
342,41,0.2381,-0.0077,-0.2458,156066,41
343,52,0.2382,1.0005,1.2387,156077,52
344,323,0.2383,1.6573,1.8956,156346,323
345,646,0.2385,-0.2562,-0.0177,156665,646
346,634,0.2386,-0.0393,0.1993,156653,634
347,915,0.2394,-0.2394,0.0,156934,915
348,601,0.2402,0.4755,0.2353,156620,601
349,118,0.2421,0.4257,0.6678,156143,118
350,541,0.2428,-0.1428,0.1,156564,541
351,821,0.2441,0.0841,-0.16,156840,821
352,839,0.2452,0.1648,0.41,156858,839
353,1108,0.2452,0.0618,0.307,157127,1108
354,1093,0.2454,0.0318,-0.2136,157112,1093
355,67,0.248,3.7677,3.5197,156092,67
356,904,0.2481,-0.2481,0.0,156923,904
357,109,0.2483,0.0645,-0.1838,156134,109
358,452,0.2489,-0.018,0.2309,156475,452
359,1081,0.2491,0.0787,-0.1704,157100,1081
360,705,0.2528,-0.3414,-0.0886,156724,705
361,1080,0.2528,-0.1831,0.0697,157099,1080
362,731,0.2533,-0.0533,0.2,156750,731
363,1112,0.2559,-0.0639,0.192,157131,1112
364,1056,0.2568,-0.1414,0.1154,157075,1056
365,685,0.2572,0.7932,0.536,156704,685
366,240,0.2574,0.1426,0.4,156263,240
367,1031,0.259,0.1811,-0.0779,157050,1031
368,718,0.2591,-0.0887,0.1704,156737,718
369,627,0.2594,-0.2166,0.0428,156646,627
370,1058,0.2598,3.5184,3.2586,157077,1058
371,764,0.261,0.061,-0.2,156783,764
372,759,0.2612,0.3612,0.1,156778,759
373,973,0.2612,0.3122,0.051,156992,973
374,701,0.2617,0.0408,0.3025,156720,701
375,640,0.2623,0.3187,0.0564,156659,640
376,1073,0.2639,0.5382,0.8021,157092,1073
377,102,0.2643,-0.0316,0.2327,156127,102
378,1084,0.2661,0.7783,0.5122,157103,1084
379,824,0.2662,-0.1062,0.16,156843,824
380,998,0.2672,1.7541,1.4869,157017,998
381,800,0.2698,-0.0698,0.2,156819,800
382,443,0.27,2.044,1.774,156466,443
383,774,0.2718,0.5718,0.3,156793,774
384,490,0.2718,0.1014,0.3732,156513,490
385,251,0.274,-0.026,-0.3,156274,251
386,986,0.276,1.9047,1.6287,157005,986
387,101,0.2761,-0.0727,0.2034,156126,101
388,429,0.2781,0.6886,0.4105,156452,429
389,844,0.2794,0.0694,-0.21,156863,844
390,114,0.2802,0.0541,0.3343,156139,114
391,736,0.2805,-0.0422,0.2383,156755,736
392,841,0.2811,0.1011,-0.18,156860,841
393,602,0.2828,0.0014,0.2842,156621,602
394,813,0.2838,0.1938,-0.09,156832,813
395,76,0.2851,-0.3043,-0.0192,156101,76
396,71,0.286,0.0771,0.3631,156096,71
397,676,0.2864,0.0355,0.3219,156695,676
398,559,0.2865,0.1865,-0.1,156582,559
399,884,0.2873,0.0941,-0.1932,156903,884
400,862,0.2888,-0.1688,0.12,156881,862
401,832,0.2901,0.8101,0.52,156851,832
402,868,0.2901,1.3999,1.69,156887,868
403,577,0.2908,-0.0908,0.2,156596,577
404,1065,0.2922,0.2489,0.5411,157084,1065
405,204,0.2927,2.3061,2.0134,156229,204
406,518,0.293,0.2338,-0.0592,156541,518
407,333,0.2931,-0.0083,0.2848,156356,333
408,148,0.2966,2.3897,2.6863,156173,148
409,1240,0.2969,0.1531,0.45,157257,1240
410,669,0.2984,0.268,-0.0304,156688,669
411,516,0.2998,-0.0041,0.2957,156539,516
412,1103,0.3022,0.0349,0.3371,157122,1103
413,420,0.3023,0.3023,0.0,156443,420
414,513,0.3042,-0.0085,0.2957,156536,513
415,652,0.3073,-0.0332,0.2741,156671,652
416,635,0.308,-0.0679,0.2401,156654,635
417,682,0.3094,-0.0168,0.2926,156701,682
418,531,0.3097,0.5034,0.8131,156554,531
419,84,0.3117,1.0029,0.6912,156109,84
420,1221,0.3132,0.4648,0.1516,157238,1221
421,356,0.3156,2.3949,2.0793,156379,356
422,500,0.3169,0.0231,0.34,156523,500
423,306,0.3179,5.7881,5.4702,156329,306
424,42,0.3189,-0.1012,-0.4201,156067,42
425,143,0.3198,3.1382,2.8184,156168,143
426,749,0.3205,-0.0502,0.2703,156768,749
427,607,0.3221,2.561,2.8831,156626,607
428,228,0.3229,-0.1251,0.1978,156251,228
429,543,0.3233,-0.3233,0.0,156566,543
430,753,0.325,0.015,0.34,156772,753
431,340,0.3254,-0.2562,0.0692,156363,340
432,794,0.3292,-0.1292,0.2,156813,794
433,1026,0.3295,0.3162,-0.0133,157045,1026
434,575,0.3304,0.2304,-0.1,156594,575
435,44,0.3311,0.0853,-0.2458,156069,44
436,968,0.3318,0.8795,0.5477,156987,968
437,1166,0.3337,0.5173,0.851,157183,1166
438,743,0.3361,0.0937,0.4298,156762,743
439,845,0.3367,-0.1633,-0.5,156864,845
440,169,0.337,1.2651,0.9281,156194,169
441,563,0.3372,0.8372,0.5,156586,563
442,723,0.3385,0.0277,-0.3108,156742,723
443,168,0.3388,1.3082,1.647,156193,168
444,888,0.3388,0.0,-0.3388,156907,888
445,542,0.3389,0.1611,0.5,156565,542
446,958,0.339,0.132,-0.207,156977,958
447,353,0.3399,-0.0664,-0.4063,156376,353
448,1034,0.341,0.0222,-0.3188,157053,1034
449,246,0.3418,1.5418,1.2,156269,246
450,746,0.3421,0.0665,0.4086,156765,746
451,1162,0.3421,0.5579,0.9,157179,1162
452,836,0.3426,0.4326,0.09,156855,836
453,396,0.3427,2.0157,1.673,156419,396
454,649,0.3431,-0.0836,0.2595,156668,649
455,1079,0.3434,2.3451,2.0017,157098,1079
456,68,0.3436,1.1088,1.4524,156093,68
457,1029,0.3459,0.1278,-0.2181,157048,1029
458,1045,0.347,-0.0013,0.3457,157064,1045
459,433,0.3473,0.0632,0.4105,156456,433
460,489,0.3479,-0.0117,0.3362,156512,489
461,418,0.348,-0.0625,-0.4105,156441,418
462,859,0.3483,-0.0183,0.33,156878,859
463,812,0.3505,0.0305,-0.32,156831,812
464,375,0.3531,2.7432,2.3901,156398,375
465,574,0.3538,-0.1462,-0.5,156593,574
466,658,0.3549,0.0272,-0.3277,156677,658
467,1006,0.3552,2.6042,2.249,157025,1006
468,320,0.3557,1.8766,1.5209,156343,320
469,1116,0.3564,1.7269,2.0833,157135,1116
470,107,0.3571,-0.0875,0.2696,156132,107
471,1088,0.3572,0.0025,0.3597,157107,1088
472,1072,0.358,1.1972,0.8392,157091,1072
473,51,0.362,0.6341,0.2721,156076,51
474,690,0.3633,0.6852,0.3219,156709,690
475,108,0.3669,0.1093,0.4762,156133,108
476,728,0.367,0.0628,0.4298,156747,728
477,231,0.369,-0.0352,0.3338,156254,231
478,1204,0.3699,-0.0301,-0.4,157221,1204
479,590,0.3713,0.1681,0.5394,156609,590
480,730,0.3758,-0.0358,0.34,156749,730
481,49,0.3775,-0.1054,0.2721,156074,49
482,343,0.3788,-0.3273,0.0515,156366,343
483,110,0.3813,0.4251,0.0438,156135,110
484,487,0.3834,1.4681,1.0847,156510,487
485,103,0.3889,-0.2054,0.1835,156128,103
486,106,0.389,0.3373,-0.0517,156131,106
487,792,0.3894,-0.3067,0.0827,156811,792
488,616,0.3912,-0.1222,0.269,156635,616
489,970,0.3937,0.5351,0.1414,156989,970
490,124,0.3947,0.5986,0.9933,156149,124
491,505,0.3951,0.0568,0.4519,156528,505
492,404,0.3959,0.0146,0.4105,156427,404
493,1207,0.3992,0.0992,-0.3,157224,1207
494,1244,0.4027,-0.5873,-0.99,157261,1244
495,823,0.403,0.523,0.12,156842,823
496,512,0.4048,2.2799,1.8751,156535,512
497,351,0.4104,0.3305,0.7409,156374,351
498,656,0.4108,0.0003,-0.4105,156675,656
499,1165,0.4123,-0.0018,0.4105,157182,1165
500,256,0.4126,-0.5874,-1.0,156279,256
501,742,0.4135,-0.0333,0.3802,156761,742
502,167,0.4141,1.5196,1.9337,156192,167
503,329,0.4141,0.0007,0.4148,156352,329
504,89,0.4161,0.3586,-0.0575,156114,89
505,119,0.4161,0.6,1.0161,156144,119
506,73,0.4173,0.0029,0.4202,156098,73
507,1192,0.4179,0.1247,0.5426,157209,1192
508,1237,0.4195,-0.1405,-0.56,157254,1237
509,842,0.4228,1.4528,1.03,156861,842
510,995,0.424,1.8882,1.4642,157014,995
511,595,0.4251,2.5457,2.1206,156614,595
512,488,0.4277,-0.1369,0.2908,156511,488
513,950,0.429,0.9533,0.5243,156969,950
514,1043,0.4291,0.3435,-0.0856,157062,1043
515,1161,0.4319,1.2681,1.7,157178,1161
516,1220,0.4332,-0.2636,-0.6968,157237,1220
517,391,0.434,3.6769,4.1109,156414,391
518,381,0.435,2.457,2.892,156404,381
519,949,0.4359,0.3616,0.7975,156968,949
520,850,0.4373,-0.0373,0.4,156869,850
521,496,0.4376,0.3474,0.785,156519,496
522,117,0.4378,0.2215,-0.2163,156142,117
523,1117,0.4383,0.2195,0.6578,157136,1117
524,216,0.4389,2.6381,2.1992,156241,216
525,156,0.4397,1.5008,1.0611,156181,156
526,1197,0.44,0.04,-0.4,157214,1197
527,979,0.4401,0.9756,1.4157,156998,979
528,347,0.442,-0.0121,-0.4541,156370,347
529,620,0.4425,0.247,0.6895,156639,620
530,922,0.4455,0.0149,0.4604,156941,922
531,265,0.4465,-0.3901,0.0564,156288,265
532,514,0.4501,2.225,1.7749,156537,514
533,1071,0.4508,0.3701,0.8209,157090,1071
534,471,0.451,0.0248,0.4758,156494,471
535,248,0.453,-0.147,-0.6,156271,248
536,622,0.4531,0.3589,-0.0942,156641,622
537,31,0.4553,0.8406,0.3853,156056,31
538,971,0.4554,-0.1049,0.3505,156990,971
539,370,0.457,1.6223,2.0793,156393,370
540,613,0.4572,0.3948,-0.0624,156632,613
541,249,0.4588,0.1588,-0.3,156272,249
542,952,0.459,-0.1159,0.3431,156971,952
543,631,0.4593,-0.3765,0.0828,156650,631
544,77,0.4608,0.0011,-0.4597,156102,77
545,1235,0.4631,-0.0269,-0.49,157252,1235
546,1152,0.4633,0.213,0.6763,157169,1152
547,122,0.4637,1.7854,1.3217,156147,122
548,357,0.4647,0.8232,0.3585,156380,357
549,727,0.4662,-0.0576,0.4086,156746,727
550,822,0.4667,0.4867,0.02,156841,822
551,1066,0.4672,0.2243,0.6915,157085,1066
552,395,0.468,3.4995,3.9675,156418,395
553,341,0.4695,-0.1461,-0.6156,156364,341
554,1121,0.4717,-0.0345,0.4372,157140,1121
555,957,0.4753,-0.2976,0.1777,156976,957
556,423,0.4757,-0.0652,0.4105,156446,423
557,80,0.4786,0.076,-0.4026,156105,80
558,1018,0.4787,1.6495,1.1708,157037,1018
559,1171,0.4795,3.3565,2.877,157188,1171
560,95,0.4796,1.5663,1.0867,156120,95
561,1236,0.4805,0.1105,-0.37,157253,1236
562,261,0.4834,-0.1166,-0.6,156284,261
563,1219,0.4858,-0.0279,0.4579,157236,1219
564,588,0.4881,0.5501,1.0382,156607,588
565,142,0.489,0.0918,0.5808,156167,142
566,450,0.4892,1.0766,0.5874,156473,450
567,449,0.4907,1.9928,1.5021,156472,449
568,756,0.4971,0.1591,-0.338,156775,756
569,336,0.4975,-0.202,0.2955,156359,336
570,339,0.4981,0.041,0.5391,156362,339
571,712,0.5009,0.0611,0.562,156731,712
572,777,0.501,0.099,0.6,156796,777
573,695,0.5025,0.3537,-0.1488,156714,695
574,778,0.5067,-0.2067,0.3,156797,778
575,1077,0.5073,1.3989,1.9062,157096,1077
576,69,0.5076,0.2201,-0.2875,156094,69
577,882,0.5084,0.641,1.1494,156901,882
578,499,0.5093,0.1775,-0.3318,156522,499
579,66,0.5126,0.8337,1.3463,156091,66
580,472,0.5127,0.0974,-0.4153,156495,472
581,466,0.5134,0.0514,0.5648,156489,466
582,805,0.5173,1.0519,1.5692,156824,805
583,766,0.5178,0.7178,0.2,156785,766
584,55,0.5205,0.5061,1.0266,156080,55
585,365,0.5245,3.2996,3.8241,156388,365
586,788,0.5254,-0.0254,0.5,156807,788
587,653,0.5294,0.0886,-0.4408,156672,653
588,363,0.5311,1.8112,2.3423,156386,363
589,1069,0.5317,0.3748,0.9065,157088,1069
590,965,0.5371,-0.3174,0.2197,156984,965
591,668,0.538,0.4918,-0.0462,156687,668
592,582,0.5456,5.3456,4.8,156601,582
593,232,0.5457,0.1264,0.6721,156255,232
594,57,0.546,1.4333,1.9793,156082,57
595,178,0.5468,2.0429,1.4961,156203,178
596,65,0.5468,0.6218,1.1686,156090,65
597,462,0.5504,-0.0485,0.5019,156485,462
598,667,0.554,0.0342,0.5882,156686,667
599,528,0.5548,1.011,0.4562,156551,528
600,75,0.5549,0.0717,-0.4832,156100,75
601,369,0.5581,1.0193,1.5774,156392,369
602,221,0.5595,4.5526,5.1121,156246,221
603,768,0.5639,0.6639,0.1,156787,768
604,1212,0.5676,0.1379,0.7055,157229,1212
605,342,0.5697,0.3834,0.9531,156365,342
606,808,0.572,-0.172,0.4,156827,808
607,316,0.5745,1.5556,0.9811,156339,316
608,555,0.5747,-0.3253,-0.9,156578,555
609,1044,0.5753,-0.004,-0.5793,157063,1044
610,465,0.5758,0.1276,0.7034,156488,465
611,1145,0.5794,0.2652,-0.3142,157162,1145
612,544,0.5797,-0.5797,0.0,156567,544
613,594,0.5805,1.8876,1.3071,156613,594
614,222,0.5851,-0.2079,-0.793,156247,222
615,130,0.5863,0.6745,0.0882,156155,130
616,537,0.5876,0.7876,0.2,156560,537
617,905,0.5881,0.83,0.2419,156924,905
618,1183,0.5888,0.9972,1.586,157200,1183
619,457,0.5903,0.0638,0.6541,156480,457
620,476,0.5949,0.906,0.3111,156499,476
621,985,0.5989,1.2617,1.8606,157004,985
622,180,0.5992,2.1934,2.7926,156205,180
623,642,0.6018,-0.1022,0.4996,156661,642
624,1037,0.6042,0.7587,0.1545,157056,1037
625,697,0.6044,0.0065,0.6109,156716,697
626,1038,0.6062,1.2183,0.6121,157057,1038
627,464,0.6079,-0.106,0.5019,156487,464
628,191,0.6103,-0.3344,0.2759,156216,191
629,234,0.6131,1.053,1.6661,156257,234
630,1216,0.6147,0.8609,1.4756,157233,1216
631,455,0.618,0.1103,0.7283,156478,455
632,413,0.6184,-0.2079,0.4105,156436,413
633,1099,0.6217,-0.6694,-0.0477,157118,1099
634,977,0.6224,0.8421,0.2197,156996,977
635,1143,0.6234,0.1388,-0.4846,157160,1143
636,401,0.6237,-0.2132,0.4105,156424,401
637,1231,0.624,4.3042,3.6802,157248,1231
638,517,0.6245,-0.0092,0.6153,156540,517
639,745,0.6294,-0.1087,0.5207,156764,745
640,1126,0.6297,-0.0285,0.6012,157145,1126
641,361,0.6306,3.6237,4.2543,156384,361
642,848,0.6334,1.3666,2.0,156867,848
643,776,0.6362,0.1362,-0.5,156795,776
644,532,0.6372,-0.1759,-0.8131,156555,532
645,327,0.6418,2.0114,1.3696,156350,327
646,765,0.6431,0.0431,-0.6,156784,765
647,1083,0.6478,-0.4592,0.1886,157102,1083
648,444,0.6506,0.0,0.6506,156467,444
649,384,0.6556,2.1408,2.7964,156407,384
650,803,0.656,-0.3553,0.3007,156822,803
651,1074,0.6561,0.8185,1.4746,157093,1074
652,1172,0.6577,0.5737,1.2314,157189,1172
653,498,0.6579,-0.0164,0.6415,156521,498
654,604,0.659,0.4582,1.1172,156623,604
655,561,0.6591,-0.1591,0.5,156584,561
656,38,0.6606,0.6606,0.0,156063,38
657,1245,0.6618,-0.0282,-0.69,157262,1245
658,840,0.6622,0.2022,-0.46,156859,840
659,164,0.6636,1.2016,1.8652,156189,164
660,157,0.6692,1.0286,1.6978,156182,157
661,88,0.67,3.1851,2.5151,156113,88
662,334,0.6701,-0.0224,0.6477,156357,334
663,906,0.6732,-0.6732,0.0,156925,906
664,610,0.6733,1.6352,0.9619,156629,610
665,203,0.6742,0.4609,1.1351,156228,203
666,811,0.6815,-0.0415,0.64,156830,811
667,181,0.6816,1.7685,1.0869,156206,181
668,802,0.6861,1.5757,0.8896,156821,802
669,123,0.6877,0.1129,0.8006,156148,123
670,729,0.69,-0.0906,0.5994,156748,729
671,1104,0.6902,0.0382,0.7284,157123,1104
672,253,0.6916,0.0916,-0.6,156276,253
673,597,0.6919,0.4831,1.175,156616,597
674,659,0.694,0.1873,-0.5067,156678,659
675,557,0.6944,0.0944,-0.6,156580,557
676,244,0.6976,0.0976,-0.6,156267,244
677,966,0.6995,-0.021,0.6785,156985,966
678,1023,0.701,-0.6617,0.0393,157042,1023
679,53,0.7045,1.4962,0.7917,156078,53
680,501,0.7074,0.3601,1.0675,156524,501
681,72,0.7097,-0.0484,0.6613,156097,72
682,1,0.7138,2.9116,2.1978,156026,1
683,474,0.7142,0.121,0.8352,156497,474
684,321,0.7159,1.2835,1.9994,156344,321
685,147,0.7161,0.7172,1.4333,156172,147
686,1100,0.7208,-0.0871,0.6337,157119,1100
687,441,0.7224,2.2413,1.5189,156464,441
688,700,0.7224,-0.0144,0.708,156719,700
689,1131,0.728,-0.217,0.511,157150,1131
690,1042,0.7283,2.1896,1.4613,157061,1042
691,458,0.7308,0.1608,0.8916,156481,458
692,1227,0.7314,1.7629,1.0315,157244,1227
693,1211,0.7335,-0.0996,0.6339,157228,1211
694,579,0.735,1.265,2.0,156598,579
695,881,0.7385,0.6069,-0.1316,156900,881
696,163,0.7421,1.2093,0.4672,156188,163
697,331,0.7435,0.7501,1.4936,156354,331
698,255,0.744,-0.356,-1.1,156278,255
699,569,0.7452,2.4452,1.7,156588,569
700,782,0.7459,1.2541,2.0,156801,782
701,59,0.7509,1.0987,1.8496,156084,59
702,864,0.751,-0.131,0.62,156883,864
703,893,0.7528,2.5468,3.2996,156912,893
704,141,0.7554,1.8639,1.1085,156166,141
705,1120,0.7563,0.0756,0.8319,157139,1120
706,1113,0.7566,0.1503,0.9069,157132,1113
707,451,0.7573,0.3287,-0.4286,156474,451
708,150,0.7626,2.6487,1.8861,156175,150
709,937,0.7638,0.1437,0.9075,156956,937
710,1187,0.7647,1.9718,2.7365,157204,1187
711,153,0.7661,0.4895,1.2556,156178,153
712,645,0.77,1.3301,0.5601,156664,645
713,791,0.7736,0.5912,-0.1824,156810,791
714,967,0.7777,0.7218,-0.0559,156986,967
715,94,0.778,-0.1098,0.6682,156119,94
716,951,0.7799,3.507,2.7271,156970,951
717,252,0.7972,-0.1028,-0.9,156275,252
718,683,0.7978,0.8298,0.032,156702,683
719,969,0.8031,0.5977,1.4008,156988,969
720,235,0.8081,0.4066,1.2147,156258,235
721,960,0.8082,0.7085,-0.0997,156979,960
722,704,0.8096,1.985,1.1754,156723,704
723,556,0.8099,0.3901,1.2,156579,556
724,1132,0.8107,0.0594,0.8701,157151,1132
725,337,0.8116,0.1202,0.9318,156360,337
726,184,0.8142,1.286,2.1002,156209,184
727,1169,0.8154,1.7685,0.9531,157186,1169
728,70,0.8194,-0.1454,0.674,156095,70
729,1036,0.8202,0.0159,0.8361,157055,1036
730,854,0.8228,1.0628,0.24,156873,854
731,1085,0.8231,0.2624,1.0855,157104,1085
732,402,0.8264,-0.1134,0.713,156425,402
733,772,0.8267,0.3733,1.2,156791,772
734,1148,0.8273,0.9467,1.774,157165,1148
735,482,0.8278,-0.1886,0.6392,156505,482
736,493,0.8304,-0.2642,0.5662,156516,493
737,962,0.8334,2.5869,1.7535,156981,962
738,442,0.8344,2.5433,3.3777,156465,442
739,883,0.8364,-0.1838,0.6526,156902,883
740,1115,0.8415,0.0583,0.8998,157134,1115
741,974,0.8448,0.031,0.8758,156993,974
742,313,0.8453,0.4103,1.2556,156336,313
743,1153,0.8525,2.9855,2.133,157170,1153
744,1239,0.8545,-0.3245,0.53,157256,1239
745,696,0.8585,0.5719,1.4304,156715,696
746,440,0.8666,0.6523,1.5189,156463,440
747,453,0.8681,0.7892,-0.0789,156476,453
748,956,0.8762,-0.2376,0.6386,156975,956
749,1114,0.8762,0.7877,1.6639,157133,1114
750,1128,0.8821,3.9527,4.8348,157147,1128
751,939,0.8846,5.0176,4.133,156958,939
752,116,0.8862,0.9445,1.8307,156141,116
753,37,0.8914,-0.0027,0.8887,156062,37
754,34,0.9002,0.4748,1.375,156059,34
755,580,0.9009,0.1991,1.1,156599,580
756,927,0.9011,-0.3191,0.582,156946,927
757,338,0.9037,-0.0327,0.871,156361,338
758,1082,0.9046,1.3151,0.4105,157101,1082
759,954,0.9089,1.5574,0.6485,156973,954
760,192,0.9109,1.6728,0.7619,156217,192
761,578,0.9126,0.6126,-0.3,156597,578
762,1127,0.9144,-0.0666,0.8478,157146,1127
763,605,0.9159,1.2846,2.2005,156624,605
764,625,0.9164,-0.1337,0.7827,156644,625
765,400,0.9171,0.4465,1.3636,156423,400
766,1142,0.9189,0.068,0.9869,157159,1142
767,1234,0.9231,-0.9231,0.0,157251,1234
768,484,0.9254,0.2067,1.1321,156507,484
769,269,0.9255,-0.5436,0.3819,156292,269
770,692,0.935,0.5245,-0.4105,156711,692
771,319,0.9361,2.0426,2.9787,156342,319
772,127,0.9389,2.2463,1.3074,156152,127
773,873,0.9407,-0.2507,0.69,156892,873
774,591,0.9413,0.8509,1.7922,156610,591
775,230,0.9449,1.1948,0.2499,156253,230
776,134,0.9457,0.5356,1.4813,156159,134
777,200,0.9519,3.1388,4.0907,156225,200
778,301,0.9561,6.45,5.4939,156324,301
779,539,0.9563,0.1437,1.1,156562,539
780,1054,0.9564,-0.0592,0.8972,157073,1054
781,237,0.9566,2.0566,1.1,156260,237
782,241,0.9568,0.0568,-0.9,156264,241
783,1002,0.9579,1.6671,2.625,157021,1002
784,930,0.9599,0.2715,1.2314,156949,930
785,195,0.9601,-0.1193,0.8408,156220,195
786,672,0.9615,0.0359,0.9974,156691,672
787,752,0.962,-0.0927,0.8693,156771,752
788,270,0.965,5.8152,4.8502,156293,270
789,989,0.965,0.0385,1.0035,157008,989
790,1106,0.9677,-0.0116,0.9561,157125,1106
791,91,0.9688,1.3255,2.2943,156116,91
792,1130,0.976,0.2663,1.2423,157149,1130
793,724,0.9782,0.4792,-0.499,156743,724
794,111,0.9805,-0.0396,0.9409,156136,111
795,1167,0.9815,1.695,0.7135,157184,1167
796,583,0.9822,5.2822,4.3,156602,583
797,1070,0.9837,-0.0688,0.9149,157089,1070
798,78,0.9853,-0.3529,-1.3382,156103,78
799,8,0.9854,-0.43,0.5554,156033,8
800,902,0.9864,0.3185,1.3049,156921,902
801,1101,0.9875,-0.0659,0.9216,157120,1101
802,372,0.9892,2.6198,3.609,156395,372
803,397,0.997,0.997,0.0,156420,397
804,661,0.9993,0.0859,1.0852,156680,661
805,554,1.0021,1.9021,0.9,156577,554
806,618,1.0027,3.1179,2.1152,156637,618
807,750,1.0099,0.0,1.0099,156769,750
808,266,1.012,0.0152,1.0272,156289,266
809,1179,1.0159,4.5348,3.5189,157196,1179
810,374,1.017,1.636,2.653,156397,374
811,245,1.0186,-0.0814,-1.1,156268,245
812,1190,1.0195,1.43,0.4105,157207,1190
813,1214,1.0277,-0.0005,1.0272,157231,1214
814,283,1.0335,4.3543,3.3208,156306,283
815,1170,1.0336,-0.1167,0.9169,157187,1170
816,1041,1.0339,1.5139,0.48,157060,1041
817,1146,1.0395,0.0387,1.0782,157163,1146
818,424,1.0404,-0.0873,0.9531,156447,424
819,368,1.0424,3.3075,4.3499,156391,368
820,315,1.0426,2.6189,1.5763,156338,315
821,975,1.0441,-0.09,0.9541,156994,975
822,630,1.0474,0.0378,1.0852,156649,630
823,194,1.0516,2.504,1.4524,156219,194
824,186,1.0526,0.0862,1.1388,156211,186
825,935,1.0552,1.3959,0.3407,156954,935
826,980,1.0572,1.8065,0.7493,156999,980
827,33,1.0645,0.8891,1.9536,156058,33
828,771,1.0723,1.4723,0.4,156790,771
829,760,1.0774,0.5774,-0.5,156779,760
830,115,1.0808,1.1427,0.0619,156140,115
831,856,1.085,0.195,1.28,156875,856
832,264,1.0858,0.0073,1.0931,156287,264
833,140,1.0869,1.5215,0.4346,156165,140
834,415,1.0876,0.4081,1.4957,156438,415
835,190,1.0883,-0.1394,0.9489,156215,190
836,171,1.0899,1.5366,0.4467,156196,171
837,934,1.0901,-0.4023,0.6878,156953,934
838,214,1.091,3.5769,2.4859,156239,214
839,61,1.0947,1.6211,2.7158,156086,61
840,445,1.0951,0.5764,-0.5187,156468,445
841,1233,1.0961,0.2361,-0.86,157250,1233
842,22,1.0982,-0.9795,0.1187,156047,22
843,547,1.0988,-0.4714,0.6274,156570,547
844,606,1.0989,0.382,1.4809,156625,606
845,576,1.1054,5.0054,3.9,156595,576
846,1005,1.1126,1.4134,2.526,157024,1005
847,663,1.1139,-0.6816,0.4323,156682,663
848,509,1.1159,0.3911,1.507,156532,509
849,96,1.1205,3.1833,2.0628,156121,96
850,1078,1.126,1.7333,2.8593,157097,1078
851,860,1.1263,0.4437,1.57,156879,860
852,136,1.127,1.2877,0.1607,156161,136
853,189,1.13,0.0808,1.2108,156214,189
854,399,1.1302,2.9605,4.0907,156422,399
855,349,1.1379,0.7555,-0.3824,156372,349
856,1157,1.1442,1.6558,2.8,157174,1157
857,125,1.1499,0.1514,1.3013,156150,125
858,259,1.1521,-0.5479,-1.7,156282,259
859,931,1.1548,0.4946,1.6494,156950,931
860,63,1.1551,1.6322,2.7873,156088,63
861,367,1.1556,0.9477,2.1033,156390,367
862,359,1.1556,0.9883,-0.1673,156382,359
863,785,1.1634,0.7366,1.9,156804,785
864,593,1.1736,-0.703,0.4706,156612,593
865,335,1.1809,-0.1013,1.0796,156358,335
866,738,1.1859,-0.3166,0.8693,156757,738
867,332,1.1885,0.438,1.6265,156355,332
868,272,1.1891,4.031,2.8419,156295,272
869,959,1.1892,-0.0326,1.1566,156978,959
870,47,1.1896,1.5488,2.7384,156072,47
871,328,1.1923,0.0237,1.216,156351,328
872,1067,1.195,-0.4023,0.7927,157086,1067
873,182,1.1951,0.7047,1.8998,156207,182
874,198,1.198,-0.4224,0.7756,156223,198
875,183,1.1995,1.097,-0.1025,156208,183
876,1057,1.2014,0.8797,-0.3217,157076,1057
877,202,1.205,0.2269,1.4319,156227,202
878,131,1.2114,-0.0511,1.1603,156156,131
879,552,1.2155,4.1155,2.9,156575,552
880,432,1.2199,0.8094,-0.4105,156455,432
881,548,1.2218,-0.2218,1.0,156571,548
882,392,1.2252,1.0932,2.3184,156415,392
883,1195,1.2274,0.2274,-1.0,157212,1195
884,936,1.2308,-0.0684,1.1624,156955,936
885,628,1.2316,2.2136,0.982,156647,628
886,174,1.2375,0.8574,2.0949,156199,174
887,861,1.2413,-0.4832,0.7581,156880,861
888,946,1.2424,0.7699,2.0123,156965,946
889,780,1.2479,1.0479,-0.2,156799,780
890,879,1.2509,0.3088,1.5597,156898,879
891,1149,1.2515,0.3904,1.6419,157166,1149
892,30,1.2545,1.5266,0.2721,156055,30
893,173,1.2564,0.3469,-0.9095,156198,173
894,27,1.2598,2.5154,1.2556,156052,27
895,1224,1.2708,3.06,4.3308,157241,1224
896,617,1.2744,-0.043,1.2314,156636,617
897,1137,1.2833,-0.1018,1.1815,157154,1137
898,133,1.29,1.3231,0.0331,156158,133
899,615,1.2903,-0.1706,1.1197,156634,615
900,666,1.2965,-0.1548,1.1417,156685,666
901,869,1.2981,1.1394,2.4375,156888,869
902,834,1.2998,1.2848,-0.015,156853,834
903,146,1.2999,0.3662,1.6661,156171,146
904,324,1.3056,0.2073,1.5129,156347,324
905,533,1.3097,0.9528,-0.3569,156556,533
906,943,1.3097,2.8769,4.1866,156962,943
907,857,1.311,1.0751,2.3861,156876,857
908,170,1.312,1.2147,-0.0973,156195,170
909,25,1.3139,5.9239,7.2378,156050,25
910,520,1.316,0.1507,1.4667,156543,520
911,545,1.3304,1.5304,0.2,156568,545
912,562,1.3308,0.8308,-0.5,156585,562
913,538,1.3384,2.7563,1.4179,156561,538
914,511,1.3427,-0.6189,0.7238,156534,511
915,713,1.3472,-0.0571,1.2901,156732,713
916,536,1.3482,0.2243,1.5725,156559,536
917,699,1.3487,-0.1152,1.2335,156718,699
918,733,1.3497,-0.3104,1.0393,156752,733
919,215,1.3498,2.6361,1.2863,156240,215
920,948,1.3498,0.3671,1.7169,156967,948
921,1123,1.3599,0.1256,1.4855,157142,1123
922,961,1.3608,1.7094,3.0702,156980,961
923,79,1.3615,-0.6257,-1.9872,156104,79
924,598,1.3623,0.0198,1.3821,156617,598
925,138,1.3625,-0.499,0.8635,156163,138
926,390,1.3629,1.4335,2.7964,156413,390
927,85,1.3659,2.2349,0.869,156110,85
928,1053,1.3663,2.6723,1.306,157072,1053
929,781,1.3683,2.1683,0.8,156800,781
930,1020,1.3752,1.2718,-0.1034,157039,1020
931,427,1.3759,1.3512,2.7271,156450,427
932,380,1.3802,2.1571,3.5373,156403,380
933,757,1.3874,2.0061,0.6187,156776,757
934,1111,1.3962,1.1822,2.5784,157130,1111
935,213,1.4076,-0.4942,0.9134,156238,213
936,177,1.41,1.6122,0.2022,156202,177
937,540,1.4196,-0.9244,0.4952,156563,540
938,725,1.4274,0.5795,-0.8479,156744,725
939,507,1.4325,0.1621,1.5946,156530,507
940,799,1.4354,0.8175,-0.6179,156818,799
941,210,1.4407,1.73,3.1707,156235,210
942,1051,1.4477,0.1112,1.5589,157070,1051
943,1007,1.4491,2.6214,1.1723,157026,1007
944,833,1.4503,1.4303,-0.02,156852,833
945,46,1.4555,-1.1459,0.3096,156071,46
946,126,1.4642,0.1031,1.5673,156151,126
947,20,1.4654,4.7343,6.1997,156045,20
948,1150,1.4687,1.1263,2.595,157167,1150
949,275,1.4709,3.047,1.5761,156298,275
950,1217,1.4726,5.2608,3.7882,157234,1217
951,1238,1.4743,0.2243,-1.25,157255,1238
952,16,1.4762,4.7104,3.2342,156041,16
953,1086,1.4801,0.5278,2.0079,157105,1086
954,11,1.481,8.1193,6.6383,156036,11
955,549,1.4863,-0.4863,1.0,156572,549
956,394,1.5012,4.0825,2.5813,156417,394
957,526,1.5058,1.7798,0.274,156549,526
958,242,1.5105,-0.2105,1.3,156265,242
959,236,1.5123,4.1697,2.6574,156259,236
960,1186,1.5139,1.8559,3.3698,157203,1186
961,1013,1.5224,3.4288,4.9512,157032,1013
962,233,1.5255,3.8804,2.3549,156256,233
963,694,1.5257,-0.4702,1.0555,156713,694
964,87,1.5298,0.2031,1.7329,156112,87
965,647,1.5326,4.3162,2.7836,156666,647
966,154,1.5351,-0.9925,0.5426,156179,154
967,285,1.5351,2.6101,1.075,156308,285
968,894,1.5406,2.6147,4.1553,156913,894
969,271,1.5424,1.5149,3.0573,156294,271
970,895,1.5433,2.4682,4.0115,156914,895
971,619,1.5457,2.1963,0.6506,156638,619
972,43,1.5473,0.0227,1.57,156068,43
973,1144,1.5492,-0.2033,1.3459,157161,1144
974,81,1.5541,-0.8442,-2.3983,156106,81
975,1241,1.5668,-1.4368,0.13,157258,1241
976,1046,1.568,0.3125,1.8805,157065,1046
977,1173,1.5693,0.2676,1.8369,157190,1173
978,60,1.5718,1.1571,2.7289,156085,60
979,247,1.5718,0.6718,-0.9,156270,247
980,996,1.5732,0.4572,2.0304,157015,996
981,425,1.5801,2.5106,4.0907,156448,425
982,1182,1.581,1.7264,3.3074,157199,1182
983,48,1.5865,-0.1518,1.4347,156073,48
984,12,1.5901,5.3839,6.974,156037,12
985,311,1.5907,1.1558,2.7465,156334,311
986,39,1.6123,2.944,1.3317,156064,39
987,151,1.6256,0.0405,1.6661,156176,151
988,1076,1.6274,0.8559,2.4833,157095,1076
989,128,1.6358,1.8076,0.1718,156153,128
990,199,1.6359,0.3775,2.0134,156224,199
991,1229,1.6392,0.008,-1.6312,157246,1229
992,354,1.6394,1.5633,3.2027,156377,354
993,121,1.6465,0.5724,2.2189,156146,121
994,933,1.6522,0.0763,1.7285,156952,933
995,362,1.6604,0.5624,2.2228,156385,362
996,519,1.6607,2.4016,0.7409,156542,519
997,300,1.6611,0.6077,2.2688,156323,300
998,584,1.6765,7.2235,8.9,156603,584
999,344,1.6794,-1.4957,0.1837,156367,344
1000,185,1.6797,0.3842,2.0639,156210,185
1001,1185,1.6814,-0.4268,1.2546,157202,1185
1002,932,1.6967,0.3337,2.0304,156951,932
1003,207,1.7033,2.8836,1.1803,156232,207
1004,40,1.7043,4.1368,2.4325,156065,40
1005,964,1.7084,2.002,0.2936,156983,964
1006,1052,1.7096,2.4394,0.7298,157071,1052
1007,987,1.7145,0.1461,1.8606,157006,987
1008,287,1.7212,5.1148,3.3936,156310,287
1009,172,1.7271,1.2769,-0.4502,156197,172
1010,1151,1.7324,0.4995,2.2319,157168,1151
1011,426,1.7405,0.9866,2.7271,156449,426
1012,1141,1.7437,-0.6379,1.1058,157158,1141
1013,741,1.7447,-0.107,1.6377,156760,741
1014,945,1.7452,1.0443,2.7895,156964,945
1015,460,1.7471,1.7326,-0.0145,156483,460
1016,1059,1.7668,1.715,3.4818,157078,1059
1017,891,1.7711,1.4051,3.1762,156910,891
1018,714,1.7789,-0.4562,1.3227,156733,714
1019,1175,1.78,3.366,1.586,157192,1175
1020,364,1.7825,1.4202,3.2027,156387,364
1021,273,1.7846,5.6783,3.8937,156296,273
1022,621,1.7855,2.3846,0.5991,156640,621
1023,18,1.7877,2.3189,4.1066,156043,18
1024,277,1.7893,3.653,1.8637,156300,277
1025,1133,1.7898,0.0664,1.8562,157152,1133
1026,525,1.7962,1.066,-0.7302,156548,525
1027,941,1.802,-0.6396,1.1624,156960,941
1028,274,1.8108,3.3631,1.5523,156297,274
1029,307,1.8133,6.8778,5.0645,156330,307
1030,992,1.8146,0.8669,2.6815,157011,992
1031,1181,1.8163,1.577,3.3933,157198,1181
1032,314,1.8197,0.5898,2.4095,156337,314
1033,7,1.835,0.1589,1.9939,156032,7
1034,1028,1.8415,-0.8624,0.9791,157047,1028
1035,529,1.845,1.571,-0.274,156552,529
1036,1014,1.8475,5.0052,6.8527,157033,1014
1037,784,1.8616,0.1384,2.0,156803,784
1038,786,1.8621,0.5379,2.4,156805,786
1039,581,1.8668,5.0332,6.9,156600,581
1040,1184,1.8711,4.1185,2.2474,157201,1184
1041,446,1.8793,1.0572,-0.8221,156469,446
1042,29,1.8883,0.4757,2.364,156054,29
1043,218,1.8899,4.617,2.7271,156243,218
1044,360,1.8954,0.8532,2.7486,156383,360
1045,492,1.898,0.611,2.509,156515,492
1046,997,1.907,2.7436,4.6506,157016,997
1047,299,1.9085,5.3021,3.3936,156322,299
1048,82,1.919,-1.1381,-3.0571,156107,82
1049,994,1.9232,2.5697,4.4929,157013,994
1050,1206,1.9259,2.5741,4.5,157223,1206
1051,1178,1.926,3.1574,1.2314,157195,1178
1052,897,1.9276,4.0358,5.9634,156916,897
1053,260,1.9284,0.3284,-1.6,156283,260
1054,572,1.9309,0.3691,2.3,156591,572
1055,64,1.935,1.3507,3.2857,156089,64
1056,1139,1.9491,0.6194,-1.3297,157156,1139
1057,1019,1.9529,-1.1561,0.7968,157038,1019
1058,348,1.9553,-0.0433,1.912,156371,348
1059,775,1.9577,3.5577,1.6,156794,775
1060,955,1.9601,2.877,0.9169,156974,955
1061,1156,1.9737,2.9737,1.0,157173,1156
1062,1011,1.975,0.3747,2.3497,157030,1011
1063,1110,1.9795,1.4384,3.4179,157129,1110
1064,139,1.9859,2.5285,0.5426,156164,139
1065,804,1.9946,1.9946,0.0,156823,804
1066,220,1.9988,4.6613,6.6601,156245,220
1067,201,2.0027,0.6756,2.6783,156226,201
1068,783,2.0109,1.1109,-0.9,156802,783
1069,430,2.0179,0.7092,2.7271,156453,430
1070,991,2.023,-0.3407,1.6823,157010,991
1071,1012,2.0236,4.0096,6.0332,157031,1012
1072,1063,2.0544,4.6767,2.6223,157082,1063
1073,1222,2.0577,-1.4769,0.5808,157239,1222
1074,796,2.0599,0.0696,2.1295,156815,796
1075,366,2.0604,1.692,3.7524,156389,366
1076,1147,2.0643,-0.4102,1.6541,157164,1147
1077,993,2.0662,6.6995,4.6333,157012,993
1078,1198,2.071,-0.529,-2.6,157215,1198
1079,310,2.0901,0.8332,2.9233,156333,310
1080,83,2.1007,-1.261,-3.3617,156108,83
1081,940,2.1185,2.1628,4.2813,156959,940
1082,99,2.1215,5.004,2.8825,156124,99
1083,398,2.1258,0.4934,2.6192,156421,398
1084,112,2.1271,-0.1427,1.9844,156137,112
1085,629,2.1341,2.5446,0.4105,156648,629
1086,97,2.1395,3.5031,1.3636,156122,97
1087,4,2.1411,0.7867,2.9278,156029,4
1088,1246,2.1487,0.4087,-1.74,157263,1246
1089,852,2.1506,2.5706,0.42,156871,852
1090,383,2.1561,4.9764,2.8203,156406,383
1091,1087,2.1574,0.0067,2.1641,157106,1087
1092,468,2.167,0.0611,2.2281,156491,468
1093,129,2.1718,2.4028,0.231,156154,129
1094,1200,2.184,-1.016,-3.2,157217,1200
1095,1124,2.1877,-0.0005,2.1872,157143,1124
1096,19,2.2119,8.6573,6.4454,156044,19
1097,9,2.2216,2.4696,0.248,156034,9
1098,268,2.2271,4.3292,2.1021,156291,268
1099,373,2.2302,1.4027,3.6329,156396,373
1100,1201,2.2389,-0.7611,-3.0,157218,1201
1101,358,2.2469,0.7646,3.0115,156381,358
1102,779,2.2557,2.5557,0.3,156798,779
1103,431,2.2586,1.608,-0.6506,156454,431
1104,530,2.26,2.6169,0.3569,156553,530
1105,1107,2.2629,3.6791,1.4162,157126,1107
1106,212,2.2928,1.1924,3.4852,156237,212
1107,386,2.2992,1.2142,3.5134,156409,386
1108,1248,2.3054,-0.4346,-2.74,157265,1248
1109,371,2.3129,1.9175,4.2304,156394,371
1110,258,2.3167,0.3167,-2.0,156281,258
1111,849,2.324,2.764,0.44,156868,849
1112,160,2.3292,-1.1276,-3.4568,156185,160
1113,1188,2.3348,0.2037,2.5385,157205,1188
1114,1015,2.3352,1.8955,4.2307,157034,1015
1115,1180,2.3435,1.5068,3.8503,157197,1180
1116,379,2.3487,4.2129,1.8642,156402,379
1117,938,2.3594,-0.5279,1.8315,156957,938
1118,851,2.3708,2.8108,0.44,156870,851
1119,889,2.3793,-0.0667,2.3126,156908,889
1120,1193,2.3809,-1.0191,-3.4,157210,1193
1121,929,2.3815,-0.197,2.1845,156948,929
1122,999,2.3819,6.5448,4.1629,157018,999
1123,5,2.4036,0.8371,3.2407,156030,5
1124,355,2.4088,0.8417,3.2505,156378,355
1125,1176,2.4183,0.4874,2.9057,157193,1176
1126,279,2.4237,3.4739,1.0502,156302,279
1127,527,2.436,1.9798,-0.4562,156550,527
1128,302,2.4393,1.9319,4.3712,156325,302
1129,387,2.4434,4.7379,2.2945,156410,387
1130,898,2.4449,-0.3495,2.0954,156917,898
1131,382,2.4543,1.6566,4.1109,156405,382
1132,855,2.4624,3.6324,1.17,156874,855
1133,149,2.4661,-0.0448,2.4213,156174,149
1134,10,2.4672,4.3452,6.8124,156035,10
1135,1009,2.4709,0.4703,2.9412,157028,1009
1136,377,2.4741,2.0909,4.565,156400,377
1137,158,2.4821,-0.958,-3.4401,156183,158
1138,534,2.4836,1.3965,-1.0871,156557,534
1139,1208,2.4965,-0.0965,2.4,157225,1208
1140,267,2.4996,1.0583,3.5579,156290,267
1141,988,2.5105,1.5802,4.0907,157007,988
1142,1247,2.5139,0.1139,-2.4,157264,1247
1143,1010,2.5252,1.8255,4.3507,157029,1010
1144,984,2.5265,7.2659,4.7394,157003,984
1145,308,2.5364,0.0333,2.5697,156331,308
1146,1004,2.5379,-0.2368,2.3011,157023,1004
1147,350,2.5512,1.5119,4.0631,156373,350
1148,758,2.5799,1.667,4.2469,156777,758
1149,137,2.5803,3.6098,1.0295,156162,137
1150,763,2.5832,2.1684,-0.4148,156782,763
1151,288,2.6102,5.5958,2.9856,156311,288
1152,643,2.6159,2.8159,0.2,156662,643
1153,1048,2.6171,3.8415,1.2244,157067,1048
1154,211,2.6307,0.9424,3.5731,156236,211
1155,282,2.6397,2.4714,-0.1683,156305,282
1156,208,2.6452,2.2863,4.9315,156233,208
1157,896,2.6556,1.6692,4.3248,156915,896
1158,1155,2.6563,3.1776,0.5213,157172,1155
1159,376,2.6972,2.3458,5.043,156399,376
1160,393,2.7115,1.3516,4.0631,156416,393
1161,899,2.7187,0.6702,3.3889,156918,899
1162,1205,2.7516,0.9484,3.7,157222,1205
1163,32,2.7634,1.0081,3.7715,156057,32
1164,286,2.8098,7.5868,4.777,156309,286
1165,875,2.8163,0.3213,3.1376,156894,875
1166,1158,2.852,-0.452,2.4,157175,1158
1167,551,2.8713,4.0713,1.2,156574,551
1168,890,2.8782,1.619,4.4972,156909,890
1169,665,2.8805,-0.2549,2.6256,156684,665
1170,1008,2.9625,3.7091,6.6716,157027,1008
1171,1003,2.9645,1.1262,4.0907,157022,1003
1172,36,2.9721,2.0901,-0.882,156061,36
1173,309,2.978,0.7763,3.7543,156332,309
1174,219,3.0226,2.3396,5.3622,156244,219
1175,1061,3.0409,2.9124,5.9533,157080,1061
1176,560,3.057,4.257,1.2,156583,560
1177,1209,3.0933,-0.1933,2.9,157226,1209
1178,1129,3.1007,1.5343,4.635,157148,1129
1179,162,3.101,-0.6872,-3.7882,156187,162
1180,305,3.1394,1.7344,4.8738,156328,305
1181,1062,3.1569,0.5039,3.6608,157081,1062
1182,502,3.1998,2.1371,-1.0627,156525,502
1183,1138,3.2228,1.3338,-1.889,157155,1138
1184,289,3.2502,7.4777,4.2275,156312,289
1185,217,3.2839,4.5008,1.2169,156242,217
1186,1097,3.2945,-0.3357,2.9588,157116,1097
1187,205,3.3068,2.2177,5.5245,156230,205
1188,3,3.3313,-0.2484,3.0829,156028,3
1189,227,3.3332,4.2335,0.9003,156250,227
1190,1001,3.3841,0.9356,4.3197,157020,1001
1191,1047,3.3923,3.8201,0.4278,157066,1047
1192,161,3.4174,-0.467,-3.8844,156186,161
1193,388,3.4239,0.926,4.3499,156411,388
1194,553,3.4526,4.5526,1.1,156576,553
1195,378,3.4538,1.5653,5.0191,156401,378
1196,1202,3.4565,5.0565,1.6,157219,1202
1197,1016,3.4656,3.3059,6.7715,157035,1016
1198,345,3.5213,4.2858,0.7645,156368,345
1199,1210,3.5633,0.2873,3.8506,157227,1210
1200,510,3.5642,4.0277,0.4635,156533,510
1201,159,3.6011,0.2234,-3.3777,156184,159
1202,1215,3.6063,0.7688,4.3751,157232,1215
1203,1000,3.6537,0.4944,4.1481,157019,1000
1204,1191,3.6639,4.3781,0.7142,157208,1191
1205,28,3.7361,-0.2601,3.476,156053,28
1206,963,3.7449,3.9411,0.1962,156982,963
1207,550,3.8937,3.5937,-0.3,156573,550
1208,13,3.9,2.8643,6.7643,156038,13
1209,206,3.9123,2.9757,6.888,156231,206
1210,17,3.9777,2.6826,6.6603,156042,17
1211,14,3.9819,6.1185,10.1004,156039,14
1212,1218,3.9849,0.7225,4.7074,157235,1218
1213,1125,4.0881,1.8276,5.9157,157144,1125
1214,1232,4.1019,8.6546,4.5527,157249,1232
1215,1060,4.1062,4.9306,0.8244,157079,1060
1216,209,4.1944,1.6074,5.8018,156234,209
1217,298,4.2347,2.3826,6.6173,156321,298
1218,278,4.409,7.5378,3.1288,156301,278
1219,6,4.4204,0.6471,5.0675,156031,6
1220,295,4.4688,6.236,1.7672,156318,295
1221,421,4.4732,-0.3825,4.0907,156444,421
1222,24,4.5208,2.6472,7.168,156049,24
1223,312,4.6027,-1.0546,3.5481,156335,312
1224,303,4.6906,1.8546,6.5452,156326,303
1225,281,4.7754,7.1633,2.3879,156304,281
1226,175,4.8317,1.3617,6.1934,156200,175
1227,293,4.9085,6.9623,2.0538,156316,293
1228,197,5.0041,1.1517,6.1558,156222,197
1229,280,5.0472,7.9372,2.89,156303,280
1230,290,5.1189,6.1455,1.0266,156313,290
1231,1199,5.2125,-1.1875,-6.4,157216,1199
1232,276,5.2479,7.9946,2.7467,156299,276
1233,291,5.4442,6.8297,1.3855,156314,291
1234,284,5.8717,6.5658,0.6941,156307,284
1235,1017,5.9526,0.6017,6.5543,157036,1017
1236,296,6.0606,8.9025,2.8419,156319,296
1237,294,6.5318,9.6606,3.1288,156317,294
1238,297,7.1527,9.5643,2.4116,156320,297
1239,292,8.0712,9.5755,1.5043,156315,292
